ID,kind
che0000,che
che0001,che
che0002,che
che0003,che
che0004,che
che0005,che
che0006,che
che0007,che
che0008,che
che0009,che
che0010,che
che0011,che
che0012,che
che0013,che
che0014,che
che0015,che
che0016,che
che0017,che
che0018,che
che0019,che
che0020,che
che0021,che
che0022,che
che0023,che
che0024,che
che0025,che
che0026,che
che0027,che
che0028,che
che0029,che
che0030,che
che0031,che
che0032,che
che0033,che
che0034,che
che0035,che
che0036,che
che0037,che
che0038,che
che0039,che
che0040,che
che0041,che
che0042,che
che0043,che
che0044,che
che0045,che
che0046,che
che0047,che
che0048,che
che0049,che
che0050,che
che0051,che
che0052,che
che0053,che
che0054,che
che0055,che
che0056,che
che0057,che
che0058,che
che0059,che
che0060,che
che0061,che
che0062,che
che0063,che
che0064,che
che0065,che
che0066,che
che0067,che
che0068,che
che0069,che
che0070,che
che0071,che
che0072,che
che0073,che
che0074,che
che0075,che
che0076,che
che0077,che
che0078,che
che0079,che
che0080,che
che0081,che
che0082,che
che0083,che
che0084,che
che0085,che
che0086,che
che0087,che
che0088,che
che0089,che
che0090,che
che0091,che
che0092,che
che0093,che
che0094,che
che0095,che
che0096,che
che0097,che
che0098,che
che0099,che
che0100,che
che0101,che
che0102,che
che0103,che
che0104,che
che0105,che
che0106,che
che0107,che
che0108,che
che0109,che
che0110,che
che0111,che
che0112,che
che0113,che
che0114,che
che0115,che
che0116,che
che0117,che
che0118,che
che0119,che
che0120,che
che0121,che
che0122,che
che0123,che
che0124,che
che0125,che
che0126,che
che0127,che
che0128,che
che0129,che
che0130,che
che0131,che
che0132,che
che0133,che
che0134,che
che0135,che
che0136,che
che0137,che
che0138,che
che0139,che
che0140,che
che0141,che
che0142,che
che0143,che
che0144,che
che0145,che
che0146,che
che0147,che
che0148,che
che0149,che
che0150,che
che0151,che
che0152,che
che0153,che
che0154,che
che0155,che
che0156,che
che0157,che
che0158,che
che0159,che
che0160,che
che0161,che
che0162,che
che0163,che
che0164,che
che0165,che
che0166,che
che0167,che
che0168,che
che0169,che
che0170,che
che0171,che
che0172,che
che0173,che
che0174,che
che0175,che
che0176,che
che0177,che
che0178,che
che0179,che
che0180,che
che0181,che
che0182,che
che0183,che
che0184,che
che0185,che
che0186,che
che0187,che
che0188,che
che0189,che
che0190,che
che0191,che
che0192,che
che0193,che
che0194,che
che0195,che
che0196,che
che0197,che
che0198,che
che0199,che
che0200,che
che0201,che
che0202,che
che0203,che
che0204,che
che0205,che
che0206,che
che0207,che
che0208,che
che0209,che
che0210,che
che0211,che
che0212,che
che0213,che
che0214,che
che0215,che
che0216,che
che0217,che
che0218,che
che0219,che
che0220,che
che0221,che
che0222,che
che0223,che
che0224,che
che0225,che
che0226,che
che0227,che
che0228,che
che0229,che
che0230,che
che0231,che
che0232,che
che0233,che
che0234,che
che0235,che
che0236,che
che0237,che
che0238,che
che0239,che
che0240,che
che0241,che
che0242,che
che0243,che
che0244,che
che0245,che
che0246,che
che0247,che
che0248,che
che0249,che
che0250,che
che0251,che
che0252,che
che0253,che
che0254,che
che0255,che
che0256,che
che0257,che
che0258,che
che0259,che
che0260,che
che0261,che
che0262,che
che0263,che
che0264,che
che0265,che
che0266,che
che0267,che
che0268,che
che0269,che
che0270,che
che0271,che
che0272,che
che0273,che
che0274,che
che0275,che
che0276,che
che0277,che
che0278,che
che0279,che
che0280,che
che0281,che
che0282,che
che0283,che
che0284,che
che0285,che
che0286,che
che0287,che
che0288,che
che0289,che
che0290,che
che0291,che
che0292,che
che0293,che
che0294,che
che0295,che
che0296,che
che0297,che
che0298,che
che0299,che
che0300,che
che0301,che
che0302,che
che0303,che
che0304,che
che0305,che
che0306,che
che0307,che
che0308,che
che0309,che
che0310,che
che0311,che
che0312,che
che0313,che
che0314,che
che0315,che
che0316,che
che0317,che
che0318,che
che0319,che
che0320,che
che0321,che
che0322,che
che0323,che
che0324,che
che0325,che
che0326,che
che0327,che
che0328,che
che0329,che
che0330,che
che0331,che
che0332,che
che0333,che
che0334,che
che0335,che
che0336,che
che0337,che
che0338,che
che0339,che
che0340,che
che0341,che
che0342,che
che0343,che
che0344,che
che0345,che
che0346,che
che0347,che
che0348,che
che0349,che
che0350,che
che0351,che
che0352,che
che0353,che
che0354,che
che0355,che
che0356,che
che0357,che
che0358,che
che0359,che
che0360,che
che0361,che
che0362,che
che0363,che
che0364,che
che0365,che
che0366,che
che0367,che
che0368,che
che0369,che
che0370,che
che0371,che
che0372,che
che0373,che
che0374,che
che0375,che
che0376,che
che0377,che
che0378,che
che0379,che
che0380,che
che0381,che
che0382,che
che0383,che
che0384,che
che0385,che
che0386,che
che0387,che
che0388,che
che0389,che
che0390,che
che0391,che
che0392,che
che0393,che
che0394,che
che0395,che
che0396,che
che0397,che
che0398,che
che0399,che
che0400,che
che0401,che
che0402,che
che0403,che
che0404,che
che0405,che
che0406,che
che0407,che
che0408,che
che0409,che
che0410,che
che0411,che
che0412,che
che0413,che
che0414,che
che0415,che
che0416,che
che0417,che
che0418,che
che0419,che
che0420,che
che0421,che
che0422,che
che0423,che
che0424,che
che0425,che
che0426,che
che0427,che
che0428,che
che0429,che
che0430,che
che0431,che
che0432,che
che0433,che
che0434,che
che0435,che
che0436,che
che0437,che
che0438,che
che0439,che
che0440,che
che0441,che
che0442,che
che0443,che
che0444,che
che0445,che
che0446,che
che0447,che
che0448,che
che0449,che
che0450,che
che0451,che
che0452,che
che0453,che
che0454,che
che0455,che
che0456,che
che0457,che
che0458,che
che0459,che
che0460,che
che0461,che
che0462,che
che0463,che
che0464,che
che0465,che
che0466,che
che0467,che
che0468,che
che0469,che
che0470,che
che0471,che
che0472,che
che0473,che
che0474,che
che0475,che
che0476,che
che0477,che
che0478,che
che0479,che
che0480,che
che0481,che
che0482,che
che0483,che
che0484,che
che0485,che
che0486,che
che0487,che
che0488,che
che0489,che
che0490,che
che0491,che
che0492,che
che0493,che
che0494,che
che0495,che
che0496,che
che0497,che
che0498,che
che0499,che
che0500,che
che0501,che
che0502,che
che0503,che
che0504,che
che0505,che
che0506,che
che0507,che
che0508,che
che0509,che
che0510,che
che0511,che
che0512,che
che0513,che
che0514,che
che0515,che
che0516,che
che0517,che
che0518,che
che0519,che
che0520,che
che0521,che
che0522,che
che0523,che
che0524,che
che0525,che
che0526,che
che0527,che
che0528,che
che0529,che
che0530,che
che0531,che
che0532,che
che0533,che
che0534,che
che0535,che
che0536,che
che0537,che
che0538,che
che0539,che
che0540,che
che0541,che
che0542,che
che0543,che
che0544,che
che0545,che
che0546,che
che0547,che
che0548,che
che0549,che
che0550,che
che0551,che
che0552,che
che0553,che
che0554,che
che0555,che
che0556,che
che0557,che
che0558,che
che0559,che
che0560,che
che0561,che
che0562,che
che0563,che
che0564,che
che0565,che
che0566,che
che0567,che
che0568,che
che0569,che
che0570,che
che0571,che
che0572,che
che0573,che
che0574,che
che0575,che
che0576,che
che0577,che
che0578,che
che0579,che
che0580,che
che0581,che
che0582,che
che0583,che
che0584,che
che0585,che
che0586,che
che0587,che
che0588,che
che0589,che
che0590,che
che0591,che
che0592,che
che0593,che
che0594,che
che0595,che
che0596,che
che0597,che
che0598,che
che0599,che
che0600,che
che0601,che
che0602,che
che0603,che
che0604,che
che0605,che
che0606,che
che0607,che
che0608,che
che0609,che
che0610,che
che0611,che
che0612,che
che0613,che
che0614,che
che0615,che
che0616,che
che0617,che
che0618,che
che0619,che
che0620,che
che0621,che
che0622,che
che0623,che
che0624,che
che0625,che
che0626,che
che0627,che
che0628,che
che0629,che
che0630,che
che0631,che
che0632,che
che0633,che
che0634,che
che0635,che
che0636,che
che0637,che
che0638,che
che0639,che
che0640,che
che0641,che
che0642,che
che0643,che
che0644,che
che0645,che
che0646,che
che0647,che
che0648,che
che0649,che
che0650,che
che0651,che
che0652,che
che0653,che
che0654,che
che0655,che
che0656,che
che0657,che
che0658,che
che0659,che
che0660,che
che0661,che
che0662,che
che0663,che
che0664,che
che0665,che
che0666,che
che0667,che
che0668,che
che0669,che
che0670,che
che0671,che
che0672,che
che0673,che
che0674,che
che0675,che
che0676,che
che0677,che
che0678,che
che0679,che
che0680,che
che0681,che
che0682,che
che0683,che
che0684,che
che0685,che
che0686,che
che0687,che
che0688,che
che0689,che
che0690,che
che0691,che
che0692,che
che0693,che
che0694,che
che0695,che
che0696,che
che0697,che
che0698,che
che0699,che
che0700,che
che0701,che
che0702,che
che0703,che
che0704,che
che0705,che
che0706,che
che0707,che
che0708,che
che0709,che
che0710,che
che0711,che
che0712,che
che0713,che
che0714,che
che0715,che
che0716,che
che0717,che
che0718,che
che0719,che
che0720,che
che0721,che
che0722,che
che0723,che
che0724,che
che0725,che
che0726,che
che0727,che
che0728,che
che0729,che
che0730,che
che0731,che
che0732,che
che0733,che
che0734,che
che0735,che
che0736,che
che0737,che
che0738,che
che0739,che
che0740,che
che0741,che
che0742,che
che0743,che
che0744,che
che0745,che
che0746,che
che0747,che
che0748,che
che0749,che
che0750,che
che0751,che
che0752,che
che0753,che
che0754,che
che0755,che
che0756,che
che0757,che
che0758,che
che0759,che
che0760,che
che0761,che
che0762,che
che0763,che
che0764,che
che0765,che
che0766,che
che0767,che
che0768,che
che0769,che
che0770,che
che0771,che
che0772,che
che0773,che
che0774,che
che0775,che
che0776,che
che0777,che
che0778,che
che0779,che
che0780,che
che0781,che
che0782,che
che0783,che
che0784,che
che0785,che
che0786,che
che0787,che
che0788,che
che0789,che
che0790,che
che0791,che
che0792,che
che0793,che
che0794,che
che0795,che
che0796,che
che0797,che
che0798,che
che0799,che
che0800,che
che0801,che
che0802,che
che0803,che
che0804,che
che0805,che
che0806,che
che0807,che
che0808,che
che0809,che
che0810,che
che0811,che
che0812,che
che0813,che
che0814,che
che0815,che
che0816,che
che0817,che
che0818,che
che0819,che
che0820,che
che0821,che
che0822,che
che0823,che
che0824,che
che0825,che
che0826,che
che0827,che
che0828,che
che0829,che
che0830,che
che0831,che
che0832,che
che0833,che
che0834,che
che0835,che
che0836,che
che0837,che
che0838,che
che0839,che
che0840,che
che0841,che
che0842,che
che0843,che
che0844,che
che0845,che
che0846,che
che0847,che
che0848,che
che0849,che
che0850,che
che0851,che
che0852,che
che0853,che
che0854,che
che0855,che
che0856,che
che0857,che
che0858,che
che0859,che
che0860,che
che0861,che
che0862,che
che0863,che
che0864,che
che0865,che
che0866,che
che0867,che
che0868,che
che0869,che
che0870,che
che0871,che
che0872,che
che0873,che
che0874,che
che0875,che
che0876,che
che0877,che
che0878,che
che0879,che
che0880,che
che0881,che
che0882,che
che0883,che
che0884,che
che0885,che
che0886,che
che0887,che
che0888,che
che0889,che
che0890,che
che0891,che
che0892,che
che0893,che
che0894,che
che0895,che
che0896,che
che0897,che
che0898,che
che0899,che
che0900,che
che0901,che
che0902,che
che0903,che
che0904,che
che0905,che
che0906,che
che0907,che
che0908,che
che0909,che
che0910,che
che0911,che
che0912,che
che0913,che
che0914,che
che0915,che
che0916,che
che0917,che
che0918,che
che0919,che
che0920,che
che0921,che
che0922,che
che0923,che
che0924,che
che0925,che
che0926,che
che0927,che
che0928,che
che0929,che
che0930,che
che0931,che
che0932,che
che0933,che
che0934,che
che0935,che
che0936,che
che0937,che
che0938,che
che0939,che
che0940,che
che0941,che
che0942,che
che0943,che
che0944,che
che0945,che
che0946,che
che0947,che
che0948,che
che0949,che
che0950,che
che0951,che
che0952,che
che0953,che
che0954,che
che0955,che
che0956,che
che0957,che
che0958,che
che0959,che
che0960,che
che0961,che
che0962,che
che0963,che
che0964,che
che0965,che
che0966,che
che0967,che
che0968,che
che0969,che
che0970,che
che0971,che
che0972,che
che0973,che
che0974,che
che0975,che
che0976,che
che0977,che
che0978,che
che0979,che
che0980,che
che0981,che
che0982,che
che0983,che
che0984,che
che0985,che
che0986,che
che0987,che
che0988,che
che0989,che
che0990,che
che0991,che
che0992,che
che0993,che
che0994,che
che0995,che
che0996,che
che0997,che
che0998,che
che0999,che
che1000,che
che1001,che
che1002,che
che1003,che
che1004,che
che1005,che
che1006,che
che1007,che
che1008,che
che1009,che
che1010,che
che1011,che
che1012,che
che1013,che
che1014,che
che1015,che
che1016,che
che1017,che
che1018,che
che1019,che
che1020,che
che1021,che
che1022,che
che1023,che
che1024,che
che1025,che
che1026,che
che1027,che
che1028,che
che1029,che
che1030,che
che1031,che
che1032,che
che1033,che
che1034,che
che1035,che
che1036,che
che1037,che
che1038,che
che1039,che
che1040,che
che1041,che
che1042,che
che1043,che
che1044,che
che1045,che
che1046,che
che1047,che
che1048,che
che1049,che
che1050,che
che1051,che
che1052,che
che1053,che
che1054,che
che1055,che
che1056,che
che1057,che
che1058,che
che1059,che
che1060,che
che1061,che
che1062,che
che1063,che
che1064,che
che1065,che
che1066,che
che1067,che
che1068,che
che1069,che
che1070,che
che1071,che
che1072,che
che1073,che
che1074,che
che1075,che
che1076,che
che1077,che
che1078,che
che1079,che
che1080,che
che1081,che
che1082,che
che1083,che
che1084,che
che1085,che
che1086,che
che1087,che
che1088,che
che1089,che
che1090,che
che1091,che
che1092,che
che1093,che
che1094,che
che1095,che
che1096,che
che1097,che
che1098,che
che1099,che
che1100,che
che1101,che
che1102,che
che1103,che
che1104,che
che1105,che
che1106,che
che1107,che
che1108,che
che1109,che
che1110,che
che1111,che
che1112,che
che1113,che
che1114,che
che1115,che
che1116,che
che1117,che
che1118,che
che1119,che
che1120,che
che1121,che
che1122,che
che1123,che
che1124,che
che1125,che
che1126,che
che1127,che
che1128,che
che1129,che
che1130,che
che1131,che
che1132,che
che1133,che
che1134,che
che1135,che
che1136,che
che1137,che
che1138,che
che1139,che
che1140,che
che1141,che
che1142,che
che1143,che
che1144,che
che1145,che
che1146,che
che1147,che
che1148,che
che1149,che
che1150,che
che1151,che
che1152,che
che1153,che
che1154,che
che1155,che
che1156,che
che1157,che
che1158,che
che1159,che
che1160,che
che1161,che
che1162,che
che1163,che
che1164,che
che1165,che
che1166,che
che1167,che
che1168,che
che1169,che
che1170,che
che1171,che
che1172,che
che1173,che
che1174,che
che1175,che
che1176,che
che1177,che
che1178,che
che1179,che
che1180,che
che1181,che
che1182,che
che1183,che
che1184,che
che1185,che
che1186,che
che1187,che
che1188,che
fun0000,fun
fun0001,fun
fun0002,fun
fun0003,fun
fun0004,fun
fun0005,fun
fun0006,fun
fun0007,fun
fun0008,fun
fun0009,fun
fun0010,fun
fun0011,fun
fun0012,fun
fun0013,fun
fun0014,fun
fun0015,fun
fun0016,fun
fun0017,fun
fun0018,fun
fun0019,fun
fun0020,fun
fun0021,fun
fun0022,fun
fun0023,fun
fun0024,fun
fun0025,fun
fun0026,fun
fun0027,fun
fun0028,fun
fun0029,fun
fun0030,fun
fun0031,fun
fun0032,fun
fun0033,fun
fun0034,fun
fun0035,fun
fun0036,fun
fun0037,fun
fun0038,fun
fun0039,fun
fun0040,fun
fun0041,fun
fun0042,fun
fun0043,fun
fun0044,fun
fun0045,fun
fun0046,fun
fun0047,fun
fun0048,fun
fun0049,fun
fun0050,fun
fun0051,fun
fun0052,fun
fun0053,fun
fun0054,fun
fun0055,fun
fun0056,fun
fun0057,fun
fun0058,fun
fun0059,fun
fun0060,fun
fun0061,fun
fun0062,fun
fun0063,fun
fun0064,fun
fun0065,fun
fun0066,fun
fun0067,fun
fun0068,fun
fun0069,fun
fun0070,fun
fun0071,fun
fun0072,fun
fun0073,fun
fun0074,fun
fun0075,fun
fun0076,fun
fun0077,fun
fun0078,fun
fun0079,fun
fun0080,fun
fun0081,fun
fun0082,fun
fun0083,fun
fun0084,fun
fun0085,fun
fun0086,fun
fun0087,fun
fun0088,fun
fun0089,fun
fun0090,fun
fun0091,fun
fun0092,fun
fun0093,fun
fun0094,fun
fun0095,fun
fun0096,fun
fun0097,fun
fun0098,fun
fun0099,fun
fun0100,fun
fun0101,fun
fun0102,fun
fun0103,fun
fun0104,fun
fun0105,fun
fun0106,fun
fun0107,fun
fun0108,fun
fun0109,fun
fun0110,fun
fun0111,fun
fun0112,fun
fun0113,fun
fun0114,fun
fun0115,fun
fun0116,fun
fun0117,fun
fun0118,fun
fun0119,fun
fun0120,fun
fun0121,fun
fun0122,fun
fun0123,fun
fun0124,fun
fun0125,fun
fun0126,fun
fun0127,fun
fun0128,fun
fun0129,fun
fun0130,fun
fun0131,fun
fun0132,fun
fun0133,fun
fun0134,fun
fun0135,fun
fun0136,fun
fun0137,fun
fun0138,fun
fun0139,fun
fun0140,fun
fun0141,fun
fun0142,fun
fun0143,fun
fun0144,fun
fun0145,fun
fun0146,fun
fun0147,fun
fun0148,fun
fun0149,fun
fun0150,fun
fun0151,fun
fun0152,fun
fun0153,fun
fun0154,fun
fun0155,fun
fun0156,fun
fun0157,fun
fun0158,fun
fun0159,fun
fun0160,fun
fun0161,fun
fun0162,fun
fun0163,fun
fun0164,fun
fun0165,fun
fun0166,fun
fun0167,fun
fun0168,fun
fun0169,fun
fun0170,fun
fun0171,fun
fun0172,fun
fun0173,fun
fun0174,fun
fun0175,fun
fun0176,fun
fun0177,fun
fun0178,fun
fun0179,fun
fun0180,fun
fun0181,fun
fun0182,fun
fun0183,fun
fun0184,fun
fun0185,fun
fun0186,fun
fun0187,fun
fun0188,fun
fun0189,fun
fun0190,fun
fun0191,fun
fun0192,fun
fun0193,fun
fun0194,fun
fun0195,fun
fun0196,fun
fun0197,fun
fun0198,fun
fun0199,fun
fun0200,fun
fun0201,fun
fun0202,fun
fun0203,fun
fun0204,fun
fun0205,fun
fun0206,fun
fun0207,fun
fun0208,fun
fun0209,fun
fun0210,fun
fun0211,fun
fun0212,fun
fun0213,fun
fun0214,fun
fun0215,fun
fun0216,fun
fun0217,fun
fun0218,fun
fun0219,fun
fun0220,fun
fun0221,fun
fun0222,fun
fun0223,fun
fun0224,fun
fun0225,fun
fun0226,fun
fun0227,fun
fun0228,fun
fun0229,fun
fun0230,fun
fun0231,fun
fun0232,fun
fun0233,fun
fun0234,fun
fun0235,fun
fun0236,fun
fun0237,fun
fun0238,fun
fun0239,fun
fun0240,fun
fun0241,fun
fun0242,fun
fun0243,fun
fun0244,fun
fun0245,fun
fun0246,fun
fun0247,fun
fun0248,fun
fun0249,fun
fun0250,fun
fun0251,fun
fun0252,fun
fun0253,fun
fun0254,fun
fun0255,fun
fun0256,fun
fun0257,fun
fun0258,fun
fun0259,fun
fun0260,fun
fun0261,fun
fun0262,fun
fun0263,fun
fun0264,fun
fun0265,fun
fun0266,fun
fun0267,fun
fun0268,fun
fun0269,fun
fun0270,fun
fun0271,fun
fun0272,fun
fun0273,fun
fun0274,fun
fun0275,fun
fun0276,fun
fun0277,fun
fun0278,fun
fun0279,fun
fun0280,fun
fun0281,fun
fun0282,fun
fun0283,fun
fun0284,fun
fun0285,fun
fun0286,fun
fun0287,fun
fun0288,fun
fun0289,fun
fun0290,fun
fun0291,fun
fun0292,fun
fun0293,fun
fun0294,fun
fun0295,fun
fun0296,fun
fun0297,fun
fun0298,fun
fun0299,fun
fun0300,fun
fun0301,fun
fun0302,fun
fun0303,fun
fun0304,fun
fun0305,fun
fun0306,fun
fun0307,fun
fun0308,fun
fun0309,fun
fun0310,fun
fun0311,fun
fun0312,fun
fun0313,fun
fun0314,fun
fun0315,fun
fun0316,fun
fun0317,fun
fun0318,fun
fun0319,fun
fun0320,fun
fun0321,fun
fun0322,fun
fun0323,fun
fun0324,fun
fun0325,fun
fun0326,fun
fun0327,fun
fun0328,fun
fun0329,fun
fun0330,fun
fun0331,fun
fun0332,fun
fun0333,fun
fun0334,fun
fun0335,fun
fun0336,fun
fun0337,fun
fun0338,fun
fun0339,fun
fun0340,fun
fun0341,fun
fun0342,fun
fun0343,fun
fun0344,fun
fun0345,fun
fun0346,fun
fun0347,fun
fun0348,fun
fun0349,fun
fun0350,fun
fun0351,fun
fun0352,fun
fun0353,fun
fun0354,fun
fun0355,fun
fun0356,fun
fun0357,fun
fun0358,fun
fun0359,fun
fun0360,fun
fun0361,fun
fun0362,fun
fun0363,fun
fun0364,fun
fun0365,fun
fun0366,fun
fun0367,fun
fun0368,fun
fun0369,fun
fun0370,fun
fun0371,fun
fun0372,fun
fun0373,fun
fun0374,fun
fun0375,fun
fun0376,fun
fun0377,fun
fun0378,fun
fun0379,fun
fun0380,fun
fun0381,fun
fun0382,fun
fun0383,fun
fun0384,fun
fun0385,fun
fun0386,fun
fun0387,fun
fun0388,fun
fun0389,fun
fun0390,fun
fun0391,fun
fun0392,fun
fun0393,fun
fun0394,fun
fun0395,fun
fun0396,fun
fun0397,fun
fun0398,fun
fun0399,fun
fun0400,fun
fun0401,fun
fun0402,fun
fun0403,fun
fun0404,fun
fun0405,fun
fun0406,fun
fun0407,fun
fun0408,fun
fun0409,fun
fun0410,fun
fun0411,fun
fun0412,fun
fun0413,fun
fun0414,fun
fun0415,fun
fun0416,fun
fun0417,fun
fun0418,fun
fun0419,fun
fun0420,fun
fun0421,fun
fun0422,fun
fun0423,fun
fun0424,fun
fun0425,fun
fun0426,fun
fun0427,fun
fun0428,fun
fun0429,fun
fun0430,fun
fun0431,fun
fun0432,fun
fun0433,fun
fun0434,fun
fun0435,fun
fun0436,fun
fun0437,fun
fun0438,fun
fun0439,fun
fun0440,fun
fun0441,fun
fun0442,fun
fun0443,fun
fun0444,fun
fun0445,fun
fun0446,fun
fun0447,fun
fun0448,fun
fun0449,fun
fun0450,fun
fun0451,fun
fun0452,fun
fun0453,fun
fun0454,fun
fun0455,fun
fun0456,fun
fun0457,fun
fun0458,fun
fun0459,fun
fun0460,fun
fun0461,fun
fun0462,fun
fun0463,fun
fun0464,fun
fun0465,fun
fun0466,fun
fun0467,fun
fun0468,fun
fun0469,fun
fun0470,fun
fun0471,fun
fun0472,fun
fun0473,fun
fun0474,fun
fun0475,fun
fun0476,fun
fun0477,fun
fun0478,fun
fun0479,fun
fun0480,fun
fun0481,fun
fun0482,fun
fun0483,fun
fun0484,fun
fun0485,fun
fun0486,fun
fun0487,fun
fun0488,fun
fun0489,fun
fun0490,fun
fun0491,fun
fun0492,fun
fun0493,fun
fun0494,fun
fun0495,fun
fun0496,fun
fun0497,fun
fun0498,fun
fun0499,fun
fun0500,fun
fun0501,fun
fun0502,fun
fun0503,fun
fun0504,fun
fun0505,fun
fun0506,fun
fun0507,fun
fun0508,fun
fun0509,fun
fun0510,fun
fun0511,fun
fun0512,fun
fun0513,fun
fun0514,fun
fun0515,fun
fun0516,fun
fun0517,fun
fun0518,fun
fun0519,fun
fun0520,fun
fun0521,fun
fun0522,fun
fun0523,fun
fun0524,fun
fun0525,fun
fun0526,fun
fun0527,fun
fun0528,fun
fun0529,fun
fun0530,fun
fun0531,fun
fun0532,fun
fun0533,fun
fun0534,fun
fun0535,fun
fun0536,fun
fun0537,fun
fun0538,fun
fun0539,fun
fun0540,fun
fun0541,fun
fun0542,fun
fun0543,fun
fun0544,fun
fun0545,fun
fun0546,fun
fun0547,fun
fun0548,fun
fun0549,fun
fun0550,fun
fun0551,fun
fun0552,fun
fun0553,fun
fun0554,fun
fun0555,fun
fun0556,fun
fun0557,fun
fun0558,fun
fun0559,fun
fun0560,fun
fun0561,fun
fun0562,fun
fun0563,fun
fun0564,fun
fun0565,fun
fun0566,fun
fun0567,fun
fun0568,fun
fun0569,fun
fun0570,fun
fun0571,fun
fun0572,fun
fun0573,fun
fun0574,fun
fun0575,fun
fun0576,fun
fun0577,fun
fun0578,fun
fun0579,fun
fun0580,fun
fun0581,fun
fun0582,fun
fun0583,fun
fun0584,fun
fun0585,fun
fun0586,fun
fun0587,fun
fun0588,fun
fun0589,fun
fun0590,fun
fun0591,fun
fun0592,fun
fun0593,fun
fun0594,fun
fun0595,fun
fun0596,fun
fun0597,fun
fun0598,fun
fun0599,fun
fun0600,fun
fun0601,fun
fun0602,fun
fun0603,fun
fun0604,fun
fun0605,fun
fun0606,fun
fun0607,fun
fun0608,fun
fun0609,fun
fun0610,fun
fun0611,fun
fun0612,fun
fun0613,fun
fun0614,fun
fun0615,fun
fun0616,fun
fun0617,fun
fun0618,fun
fun0619,fun
fun0620,fun
fun0621,fun
fun0622,fun
fun0623,fun
fun0624,fun
fun0625,fun
fun0626,fun
fun0627,fun
fun0628,fun
fun0629,fun
fun0630,fun
fun0631,fun
fun0632,fun
fun0633,fun
fun0634,fun
fun0635,fun
fun0636,fun
fun0637,fun
fun0638,fun
fun0639,fun
fun0640,fun
fun0641,fun
fun0642,fun
fun0643,fun
fun0644,fun
fun0645,fun
fun0646,fun
fun0647,fun
fun0648,fun
fun0649,fun
fun0650,fun
fun0651,fun
fun0652,fun
fun0653,fun
fun0654,fun
fun0655,fun
fun0656,fun
fun0657,fun
fun0658,fun
fun0659,fun
fun0660,fun
fun0661,fun
fun0662,fun
fun0663,fun
fun0664,fun
fun0665,fun
fun0666,fun
fun0667,fun
fun0668,fun
fun0669,fun
fun0670,fun
fun0671,fun
fun0672,fun
fun0673,fun
fun0674,fun
fun0675,fun
fun0676,fun
fun0677,fun
fun0678,fun
fun0679,fun
fun0680,fun
fun0681,fun
fun0682,fun
fun0683,fun
fun0684,fun
fun0685,fun
fun0686,fun
fun0687,fun
fun0688,fun
fun0689,fun
fun0690,fun
fun0691,fun
fun0692,fun
fun0693,fun
fun0694,fun
fun0695,fun
fun0696,fun
fun0697,fun
fun0698,fun
fun0699,fun
fun0700,fun
fun0701,fun
fun0702,fun
fun0703,fun
fun0704,fun
fun0705,fun
fun0706,fun
fun0707,fun
fun0708,fun
fun0709,fun
fun0710,fun
fun0711,fun
fun0712,fun
fun0713,fun
fun0714,fun
fun0715,fun
fun0716,fun
fun0717,fun
fun0718,fun
fun0719,fun
fun0720,fun
fun0721,fun
fun0722,fun
fun0723,fun
fun0724,fun
fun0725,fun
fun0726,fun
fun0727,fun
fun0728,fun
fun0729,fun
fun0730,fun
fun0731,fun
fun0732,fun
fun0733,fun
fun0734,fun
fun0735,fun
fun0736,fun
fun0737,fun
fun0738,fun
fun0739,fun
fun0740,fun
fun0741,fun
fun0742,fun
fun0743,fun
fun0744,fun
fun0745,fun
fun0746,fun
fun0747,fun
fun0748,fun
fun0749,fun
fun0750,fun
fun0751,fun
fun0752,fun
fun0753,fun
fun0754,fun
fun0755,fun
fun0756,fun
fun0757,fun
fun0758,fun
fun0759,fun
fun0760,fun
fun0761,fun
fun0762,fun
fun0763,fun
fun0764,fun
fun0765,fun
fun0766,fun
fun0767,fun
fun0768,fun
fun0769,fun
fun0770,fun
fun0771,fun
fun0772,fun
fun0773,fun
fun0774,fun
fun0775,fun
fun0776,fun
fun0777,fun
fun0778,fun
fun0779,fun
fun0780,fun
fun0781,fun
fun0782,fun
fun0783,fun
fun0784,fun
fun0785,fun
fun0786,fun
fun0787,fun
fun0788,fun
fun0789,fun
fun0790,fun
fun0791,fun
fun0792,fun
fun0793,fun
fun0794,fun
fun0795,fun
fun0796,fun
fun0797,fun
fun0798,fun
fun0799,fun
fun0800,fun
fun0801,fun
fun0802,fun
fun0803,fun
fun0804,fun
fun0805,fun
fun0806,fun
fun0807,fun
fun0808,fun
fun0809,fun
fun0810,fun
fun0811,fun
fun0812,fun
fun0813,fun
fun0814,fun
fun0815,fun
fun0816,fun
fun0817,fun
fun0818,fun
fun0819,fun
fun0820,fun
fun0821,fun
fun0822,fun
fun0823,fun
fun0824,fun
fun0825,fun
fun0826,fun
fun0827,fun
fun0828,fun
fun0829,fun
fun0830,fun
fun0831,fun
fun0832,fun
fun0833,fun
fun0834,fun
fun0835,fun
fun0836,fun
fun0837,fun
fun0838,fun
fun0839,fun
fun0840,fun
fun0841,fun
fun0842,fun
fun0843,fun
fun0844,fun
fun0845,fun
fun0846,fun
fun0847,fun
fun0848,fun
fun0849,fun
fun0850,fun
fun0851,fun
fun0852,fun
fun0853,fun
fun0854,fun
fun0855,fun
fun0856,fun
fun0857,fun
fun0858,fun
fun0859,fun
fun0860,fun
fun0861,fun
fun0862,fun
fun0863,fun
fun0864,fun
fun0865,fun
fun0866,fun
fun0867,fun
fun0868,fun
fun0869,fun
fun0870,fun
fun0871,fun
fun0872,fun
fun0873,fun
fun0874,fun
fun0875,fun
fun0876,fun
fun0877,fun
fun0878,fun
fun0879,fun
fun0880,fun
fun0881,fun
fun0882,fun
fun0883,fun
fun0884,fun
fun0885,fun
fun0886,fun
fun0887,fun
fun0888,fun
fun0889,fun
fun0890,fun
fun0891,fun
fun0892,fun
fun0893,fun
fun0894,fun
fun0895,fun
fun0896,fun
fun0897,fun
fun0898,fun
fun0899,fun
fun0900,fun
fun0901,fun
fun0902,fun
fun0903,fun
fun0904,fun
fun0905,fun
fun0906,fun
fun0907,fun
fun0908,fun
fun0909,fun
fun0910,fun
fun0911,fun
fun0912,fun
fun0913,fun
fun0914,fun
fun0915,fun
fun0916,fun
fun0917,fun
fun0918,fun
fun0919,fun
fun0920,fun
fun0921,fun
fun0922,fun
fun0923,fun
fun0924,fun
fun0925,fun
fun0926,fun
fun0927,fun
fun0928,fun
fun0929,fun
fun0930,fun
fun0931,fun
fun0932,fun
fun0933,fun
fun0934,fun
fun0935,fun
fun0936,fun
fun0937,fun
fun0938,fun
fun0939,fun
fun0940,fun
fun0941,fun
fun0942,fun
fun0943,fun
fun0944,fun
fun0945,fun
fun0946,fun
fun0947,fun
fun0948,fun
fun0949,fun
fun0950,fun
fun0951,fun
fun0952,fun
fun0953,fun
fun0954,fun
fun0955,fun
fun0956,fun
fun0957,fun
fun0958,fun
fun0959,fun
fun0960,fun
fun0961,fun
fun0962,fun
fun0963,fun
fun0964,fun
fun0965,fun
fun0966,fun
fun0967,fun
fun0968,fun
fun0969,fun
fun0970,fun
fun0971,fun
fun0972,fun
fun0973,fun
fun0974,fun
fun0975,fun
fun0976,fun
fun0977,fun
fun0978,fun
fun0979,fun
fun0980,fun
fun0981,fun
fun0982,fun
fun0983,fun
fun0984,fun
fun0985,fun
fun0986,fun
fun0987,fun
fun0988,fun
fun0989,fun
fun0990,fun
fun0991,fun
fun0992,fun
fun0993,fun
fun0994,fun
fun0995,fun
fun0996,fun
fun0997,fun
fun0998,fun
fun0999,fun
fun1000,fun
fun1001,fun
fun1002,fun
fun1003,fun
fun1004,fun
fun1005,fun
fun1006,fun
fun1007,fun
fun1008,fun
fun1009,fun
fun1010,fun
fun1011,fun
fun1012,fun
fun1013,fun
fun1014,fun
fun1015,fun
fun1016,fun
fun1017,fun
fun1018,fun
fun1019,fun
fun1020,fun
fun1021,fun
fun1022,fun
fun1023,fun
fun1024,fun
fun1025,fun
fun1026,fun
fun1027,fun
fun1028,fun
fun1029,fun
fun1030,fun
fun1031,fun
fun1032,fun
fun1033,fun
fun1034,fun
fun1035,fun
fun1036,fun
fun1037,fun
fun1038,fun
fun1039,fun
fun1040,fun
fun1041,fun
fun1042,fun
fun1043,fun
fun1044,fun
fun1045,fun
fun1046,fun
fun1047,fun
fun1048,fun
fun1049,fun
fun1050,fun
fun1051,fun
fun1052,fun
fun1053,fun
fun1054,fun
fun1055,fun
fun1056,fun
fun1057,fun
fun1058,fun
fun1059,fun
fun1060,fun
fun1061,fun
fun1062,fun
fun1063,fun
fun1064,fun
fun1065,fun
fun1066,fun
fun1067,fun
fun1068,fun
fun1069,fun
fun1070,fun
fun1071,fun
fun1072,fun
fun1073,fun
fun1074,fun
fun1075,fun
fun1076,fun
fun1077,fun
fun1078,fun
fun1079,fun
fun1080,fun
fun1081,fun
fun1082,fun
fun1083,fun
fun1084,fun
fun1085,fun
fun1086,fun
fun1087,fun
fun1088,fun
fun1089,fun
fun1090,fun
fun1091,fun
fun1092,fun
fun1093,fun
fun1094,fun
fun1095,fun
fun1096,fun
fun1097,fun
fun1098,fun
fun1099,fun
fun1100,fun
fun1101,fun
fun1102,fun
fun1103,fun
fun1104,fun
fun1105,fun
fun1106,fun
fun1107,fun
fun1108,fun
fun1109,fun
fun1110,fun
fun1111,fun
fun1112,fun
fun1113,fun
fun1114,fun
fun1115,fun
fun1116,fun
fun1117,fun
fun1118,fun
fun1119,fun
fun1120,fun
fun1121,fun
fun1122,fun
fun1123,fun
fun1124,fun
fun1125,fun
fun1126,fun
fun1127,fun
fun1128,fun
fun1129,fun
fun1130,fun
fun1131,fun
fun1132,fun
fun1133,fun
fun1134,fun
fun1135,fun
fun1136,fun
fun1137,fun
fun1138,fun
fun1139,fun
fun1140,fun
fun1141,fun
fun1142,fun
fun1143,fun
fun1144,fun
fun1145,fun
fun1146,fun
fun1147,fun
fun1148,fun
fun1149,fun
fun1150,fun
fun1151,fun
fun1152,fun
fun1153,fun
fun1154,fun
fun1155,fun
fun1156,fun
fun1157,fun
fun1158,fun
fun1159,fun
fun1160,fun
fun1161,fun
fun1162,fun
fun1163,fun
fun1164,fun
fun1165,fun
fun1166,fun
fun1167,fun
fun1168,fun
fun1169,fun
fun1170,fun
fun1171,fun
fun1172,fun
fun1173,fun
fun1174,fun
fun1175,fun
fun1176,fun
fun1177,fun
fun1178,fun
fun1179,fun
fun1180,fun
fun1181,fun
fun1182,fun
fun1183,fun
fun1184,fun
fun1185,fun
fun1186,fun
fun1187,fun
fun1188,fun
fun1189,fun
fun1190,fun
fun1191,fun
fun1192,fun
fun1193,fun
fun1194,fun
fun1195,fun
fun1196,fun
fun1197,fun
fun1198,fun
fun1199,fun
haw0000,haw
haw0001,haw
haw0002,haw
haw0003,haw
haw0004,haw
haw0005,haw
haw0006,haw
haw0007,haw
haw0008,haw
haw0009,haw
haw0010,haw
haw0011,haw
haw0012,haw
haw0013,haw
haw0014,haw
haw0015,haw
haw0016,haw
haw0017,haw
haw0018,haw
haw0019,haw
haw0020,haw
haw0021,haw
haw0022,haw
haw0023,haw
haw0024,haw
haw0025,haw
haw0026,haw
haw0027,haw
haw0028,haw
haw0029,haw
haw0030,haw
haw0031,haw
haw0032,haw
haw0033,haw
haw0034,haw
haw0035,haw
haw0036,haw
haw0037,haw
haw0038,haw
haw0039,haw
haw0040,haw
haw0041,haw
haw0042,haw
haw0043,haw
haw0044,haw
haw0045,haw
haw0046,haw
haw0047,haw
haw0048,haw
haw0049,haw
haw0050,haw
haw0051,haw
haw0052,haw
haw0053,haw
haw0054,haw
haw0055,haw
haw0056,haw
haw0057,haw
haw0058,haw
haw0059,haw
haw0060,haw
haw0061,haw
haw0062,haw
haw0063,haw
haw0064,haw
haw0065,haw
haw0066,haw
haw0067,haw
haw0068,haw
haw0069,haw
haw0070,haw
haw0071,haw
haw0072,haw
haw0073,haw
haw0074,haw
haw0075,haw
haw0076,haw
haw0077,haw
haw0078,haw
haw0079,haw
haw0080,haw
haw0081,haw
haw0082,haw
haw0083,haw
haw0084,haw
haw0085,haw
haw0086,haw
haw0087,haw
haw0088,haw
haw0089,haw
haw0090,haw
haw0091,haw
haw0092,haw
haw0093,haw
haw0094,haw
haw0095,haw
haw0096,haw
haw0097,haw
haw0098,haw
haw0099,haw
haw0100,haw
haw0101,haw
haw0102,haw
haw0103,haw
haw0104,haw
haw0105,haw
haw0106,haw
haw0107,haw
haw0108,haw
haw0109,haw
haw0110,haw
haw0111,haw
haw0112,haw
haw0113,haw
haw0114,haw
haw0115,haw
haw0116,haw
haw0117,haw
haw0118,haw
haw0119,haw
haw0120,haw
haw0121,haw
haw0122,haw
haw0123,haw
haw0124,haw
haw0125,haw
haw0126,haw
haw0127,haw
haw0128,haw
haw0129,haw
haw0130,haw
haw0131,haw
haw0132,haw
haw0133,haw
haw0134,haw
haw0135,haw
haw0136,haw
haw0137,haw
haw0138,haw
haw0139,haw
haw0140,haw
haw0141,haw
haw0142,haw
haw0143,haw
haw0144,haw
haw0145,haw
haw0146,haw
haw0147,haw
haw0148,haw
haw0149,haw
haw0150,haw
haw0151,haw
haw0152,haw
haw0153,haw
haw0154,haw
haw0155,haw
haw0156,haw
haw0157,haw
haw0158,haw
haw0159,haw
haw0160,haw
haw0161,haw
haw0162,haw
haw0163,haw
haw0164,haw
haw0165,haw
haw0166,haw
haw0167,haw
haw0168,haw
haw0169,haw
haw0170,haw
haw0171,haw
haw0172,haw
haw0173,haw
haw0174,haw
haw0175,haw
haw0176,haw
haw0177,haw
haw0178,haw
haw0179,haw
haw0180,haw
haw0181,haw
haw0182,haw
haw0183,haw
haw0184,haw
haw0185,haw
haw0186,haw
haw0187,haw
haw0188,haw
haw0189,haw
haw0190,haw
haw0191,haw
haw0192,haw
haw0193,haw
haw0194,haw
haw0195,haw
haw0196,haw
haw0197,haw
haw0198,haw
haw0199,haw
haw0200,haw
haw0201,haw
haw0202,haw
haw0203,haw
haw0204,haw
haw0205,haw
haw0206,haw
haw0207,haw
haw0208,haw
haw0209,haw
haw0210,haw
haw0211,haw
haw0212,haw
haw0213,haw
haw0214,haw
haw0215,haw
haw0216,haw
haw0217,haw
haw0218,haw
haw0219,haw
haw0220,haw
haw0221,haw
haw0222,haw
haw0223,haw
haw0224,haw
haw0225,haw
haw0226,haw
haw0227,haw
haw0228,haw
haw0229,haw
haw0230,haw
haw0231,haw
haw0232,haw
haw0233,haw
haw0234,haw
haw0235,haw
haw0236,haw
haw0237,haw
haw0238,haw
haw0239,haw
haw0240,haw
haw0241,haw
haw0242,haw
haw0243,haw
haw0244,haw
haw0245,haw
haw0246,haw
haw0247,haw
haw0248,haw
haw0249,haw
haw0250,haw
haw0251,haw
haw0252,haw
haw0253,haw
haw0254,haw
haw0255,haw
haw0256,haw
haw0257,haw
haw0258,haw
haw0259,haw
haw0260,haw
haw0261,haw
haw0262,haw
haw0263,haw
haw0264,haw
haw0265,haw
haw0266,haw
haw0267,haw
haw0268,haw
haw0269,haw
haw0270,haw
haw0271,haw
haw0272,haw
haw0273,haw
haw0274,haw
haw0275,haw
haw0276,haw
haw0277,haw
haw0278,haw
haw0279,haw
haw0280,haw
haw0281,haw
haw0282,haw
haw0283,haw
haw0284,haw
haw0285,haw
haw0286,haw
haw0287,haw
haw0288,haw
haw0289,haw
haw0290,haw
haw0291,haw
haw0292,haw
haw0293,haw
haw0294,haw
haw0295,haw
haw0296,haw
haw0297,haw
haw0298,haw
haw0299,haw
haw0300,haw
haw0301,haw
haw0302,haw
haw0303,haw
haw0304,haw
haw0305,haw
haw0306,haw
haw0307,haw
haw0308,haw
haw0309,haw
haw0310,haw
haw0311,haw
haw0312,haw
haw0313,haw
haw0314,haw
haw0315,haw
haw0316,haw
haw0317,haw
haw0318,haw
haw0319,haw
haw0320,haw
haw0321,haw
haw0322,haw
haw0323,haw
haw0324,haw
haw0325,haw
haw0326,haw
haw0327,haw
haw0328,haw
haw0329,haw
haw0330,haw
haw0331,haw
haw0332,haw
haw0333,haw
haw0334,haw
haw0335,haw
haw0336,haw
haw0337,haw
haw0338,haw
haw0339,haw
haw0340,haw
haw0341,haw
haw0342,haw
haw0343,haw
haw0344,haw
haw0345,haw
haw0346,haw
haw0347,haw
haw0348,haw
haw0349,haw
haw0350,haw
haw0351,haw
haw0352,haw
haw0353,haw
haw0354,haw
haw0355,haw
haw0356,haw
haw0357,haw
haw0358,haw
haw0359,haw
haw0360,haw
haw0361,haw
haw0362,haw
haw0363,haw
haw0364,haw
haw0365,haw
haw0366,haw
haw0367,haw
haw0368,haw
haw0369,haw
haw0370,haw
haw0371,haw
haw0372,haw
haw0373,haw
haw0374,haw
haw0375,haw
haw0376,haw
haw0377,haw
haw0378,haw
haw0379,haw
haw0380,haw
haw0381,haw
haw0382,haw
haw0383,haw
haw0384,haw
haw0385,haw
haw0386,haw
haw0387,haw
haw0388,haw
haw0389,haw
haw0390,haw
haw0391,haw
haw0392,haw
haw0393,haw
haw0394,haw
haw0395,haw
haw0396,haw
haw0397,haw
haw0398,haw
haw0399,haw
haw0400,haw
haw0401,haw
haw0402,haw
haw0403,haw
haw0404,haw
haw0405,haw
haw0406,haw
haw0407,haw
haw0408,haw
haw0409,haw
haw0410,haw
haw0411,haw
haw0412,haw
haw0413,haw
haw0414,haw
haw0415,haw
haw0416,haw
haw0417,haw
haw0418,haw
haw0419,haw
haw0420,haw
haw0421,haw
haw0422,haw
haw0423,haw
haw0424,haw
haw0425,haw
haw0426,haw
haw0427,haw
haw0428,haw
haw0429,haw
haw0430,haw
haw0431,haw
haw0432,haw
haw0433,haw
haw0434,haw
haw0435,haw
haw0436,haw
haw0437,haw
haw0438,haw
haw0439,haw
haw0440,haw
haw0441,haw
haw0442,haw
haw0443,haw
haw0444,haw
haw0445,haw
haw0446,haw
haw0447,haw
haw0448,haw
haw0449,haw
haw0450,haw
haw0451,haw
haw0452,haw
haw0453,haw
haw0454,haw
haw0455,haw
haw0456,haw
haw0457,haw
haw0458,haw
haw0459,haw
haw0460,haw
haw0461,haw
haw0462,haw
haw0463,haw
haw0464,haw
haw0465,haw
haw0466,haw
haw0467,haw
haw0468,haw
haw0469,haw
haw0470,haw
haw0471,haw
haw0472,haw
haw0473,haw
haw0474,haw
haw0475,haw
haw0476,haw
haw0477,haw
haw0478,haw
haw0479,haw
haw0480,haw
haw0481,haw
haw0482,haw
haw0483,haw
haw0484,haw
haw0485,haw
haw0486,haw
haw0487,haw
haw0488,haw
haw0489,haw
haw0490,haw
haw0491,haw
haw0492,haw
haw0493,haw
haw0494,haw
haw0495,haw
haw0496,haw
haw0497,haw
haw0498,haw
haw0499,haw
haw0500,haw
haw0501,haw
haw0502,haw
haw0503,haw
haw0504,haw
haw0505,haw
haw0506,haw
haw0507,haw
haw0508,haw
haw0509,haw
haw0510,haw
haw0511,haw
haw0512,haw
haw0513,haw
haw0514,haw
haw0515,haw
haw0516,haw
haw0517,haw
haw0518,haw
haw0519,haw
haw0520,haw
haw0521,haw
haw0522,haw
haw0523,haw
haw0524,haw
haw0525,haw
haw0526,haw
haw0527,haw
haw0528,haw
haw0529,haw
haw0530,haw
haw0531,haw
haw0532,haw
haw0533,haw
haw0534,haw
haw0535,haw
haw0536,haw
haw0537,haw
haw0538,haw
haw0539,haw
haw0540,haw
haw0541,haw
haw0542,haw
haw0543,haw
haw0544,haw
haw0545,haw
haw0546,haw
haw0547,haw
haw0548,haw
haw0549,haw
haw0550,haw
haw0551,haw
haw0552,haw
haw0553,haw
haw0554,haw
haw0555,haw
haw0556,haw
haw0557,haw
haw0558,haw
haw0559,haw
haw0560,haw
haw0561,haw
haw0562,haw
haw0563,haw
haw0564,haw
haw0565,haw
haw0566,haw
haw0567,haw
haw0568,haw
haw0569,haw
haw0570,haw
haw0571,haw
haw0572,haw
haw0573,haw
haw0574,haw
haw0575,haw
haw0576,haw
haw0577,haw
haw0578,haw
haw0579,haw
haw0580,haw
haw0581,haw
haw0582,haw
haw0583,haw
haw0584,haw
haw0585,haw
haw0586,haw
haw0587,haw
haw0588,haw
haw0589,haw
haw0590,haw
haw0591,haw
haw0592,haw
haw0593,haw
haw0594,haw
haw0595,haw
haw0596,haw
haw0597,haw
haw0598,haw
haw0599,haw
haw0600,haw
haw0601,haw
haw0602,haw
haw0603,haw
haw0604,haw
haw0605,haw
haw0606,haw
haw0607,haw
haw0608,haw
haw0609,haw
haw0610,haw
haw0611,haw
haw0612,haw
haw0613,haw
haw0614,haw
haw0615,haw
haw0616,haw
haw0617,haw
haw0618,haw
haw0619,haw
haw0620,haw
haw0621,haw
haw0622,haw
haw0623,haw
haw0624,haw
haw0625,haw
haw0626,haw
haw0627,haw
haw0628,haw
haw0629,haw
haw0630,haw
haw0631,haw
haw0632,haw
haw0633,haw
haw0634,haw
haw0635,haw
haw0636,haw
haw0637,haw
haw0638,haw
haw0639,haw
haw0640,haw
haw0641,haw
haw0642,haw
haw0643,haw
haw0644,haw
haw0645,haw
haw0646,haw
haw0647,haw
haw0648,haw
haw0649,haw
haw0650,haw
haw0651,haw
haw0652,haw
haw0653,haw
haw0654,haw
haw0655,haw
haw0656,haw
haw0657,haw
haw0658,haw
haw0659,haw
haw0660,haw
haw0661,haw
haw0662,haw
haw0663,haw
haw0664,haw
haw0665,haw
haw0666,haw
haw0667,haw
haw0668,haw
haw0669,haw
haw0670,haw
haw0671,haw
haw0672,haw
haw0673,haw
haw0674,haw
haw0675,haw
haw0676,haw
haw0677,haw
haw0678,haw
haw0679,haw
haw0680,haw
haw0681,haw
haw0682,haw
haw0683,haw
haw0684,haw
haw0685,haw
haw0686,haw
haw0687,haw
haw0688,haw
haw0689,haw
haw0690,haw
haw0691,haw
haw0692,haw
haw0693,haw
haw0694,haw
haw0695,haw
haw0696,haw
haw0697,haw
haw0698,haw
haw0699,haw
haw0700,haw
haw0701,haw
haw0702,haw
haw0703,haw
haw0704,haw
haw0705,haw
haw0706,haw
haw0707,haw
haw0708,haw
haw0709,haw
haw0710,haw
haw0711,haw
haw0712,haw
haw0713,haw
haw0714,haw
haw0715,haw
haw0716,haw
haw0717,haw
haw0718,haw
haw0719,haw
haw0720,haw
haw0721,haw
haw0722,haw
haw0723,haw
haw0724,haw
haw0725,haw
haw0726,haw
haw0727,haw
haw0728,haw
haw0729,haw
haw0730,haw
haw0731,haw
haw0732,haw
haw0733,haw
haw0734,haw
haw0735,haw
haw0736,haw
haw0737,haw
haw0738,haw
haw0739,haw
haw0740,haw
haw0741,haw
haw0742,haw
haw0743,haw
haw0744,haw
haw0745,haw
haw0746,haw
haw0747,haw
haw0748,haw
haw0749,haw
haw0750,haw
haw0751,haw
haw0752,haw
haw0753,haw
haw0754,haw
haw0755,haw
haw0756,haw
haw0757,haw
haw0758,haw
haw0759,haw
haw0760,haw
haw0761,haw
haw0762,haw
haw0763,haw
haw0764,haw
haw0765,haw
haw0766,haw
haw0767,haw
haw0768,haw
haw0769,haw
haw0770,haw
haw0771,haw
haw0772,haw
haw0773,haw
haw0774,haw
haw0775,haw
haw0776,haw
haw0777,haw
haw0778,haw
haw0779,haw
haw0780,haw
haw0781,haw
haw0782,haw
haw0783,haw
haw0784,haw
haw0785,haw
haw0786,haw
haw0787,haw
haw0788,haw
haw0789,haw
haw0790,haw
haw0791,haw
haw0792,haw
haw0793,haw
haw0794,haw
haw0795,haw
haw0796,haw
haw0797,haw
haw0798,haw
haw0799,haw
haw0800,haw
haw0801,haw
haw0802,haw
haw0803,haw
haw0804,haw
haw0805,haw
haw0806,haw
haw0807,haw
haw0808,haw
haw0809,haw
haw0810,haw
haw0811,haw
haw0812,haw
haw0813,haw
haw0814,haw
haw0815,haw
haw0816,haw
haw0817,haw
haw0818,haw
haw0819,haw
haw0820,haw
haw0821,haw
haw0822,haw
haw0823,haw
haw0824,haw
haw0825,haw
haw0826,haw
haw0827,haw
haw0828,haw
haw0829,haw
haw0830,haw
haw0831,haw
haw0832,haw
haw0833,haw
haw0834,haw
haw0835,haw
haw0836,haw
haw0837,haw
haw0838,haw
haw0839,haw
haw0840,haw
haw0841,haw
haw0842,haw
haw0843,haw
haw0844,haw
haw0845,haw
haw0846,haw
haw0847,haw
haw0848,haw
haw0849,haw
haw0850,haw
haw0851,haw
haw0852,haw
haw0853,haw
haw0854,haw
haw0855,haw
haw0856,haw
haw0857,haw
haw0858,haw
haw0859,haw
haw0860,haw
haw0861,haw
haw0862,haw
haw0863,haw
haw0864,haw
haw0865,haw
haw0866,haw
haw0867,haw
haw0868,haw
haw0869,haw
haw0870,haw
haw0871,haw
haw0872,haw
haw0873,haw
haw0874,haw
haw0875,haw
haw0876,haw
haw0877,haw
haw0878,haw
haw0879,haw
haw0880,haw
haw0881,haw
haw0882,haw
haw0883,haw
haw0884,haw
haw0885,haw
haw0886,haw
haw0887,haw
haw0888,haw
haw0889,haw
haw0890,haw
haw0891,haw
haw0892,haw
haw0893,haw
haw0894,haw
haw0895,haw
haw0896,haw
haw0897,haw
haw0898,haw
haw0899,haw
haw0900,haw
haw0901,haw
haw0902,haw
haw0903,haw
haw0904,haw
haw0905,haw
haw0906,haw
haw0907,haw
haw0908,haw
haw0909,haw
haw0910,haw
haw0911,haw
haw0912,haw
haw0913,haw
haw0914,haw
haw0915,haw
haw0916,haw
haw0917,haw
haw0918,haw
haw0919,haw
haw0920,haw
haw0921,haw
haw0922,haw
haw0923,haw
haw0924,haw
haw0925,haw
haw0926,haw
haw0927,haw
haw0928,haw
haw0929,haw
haw0930,haw
haw0931,haw
haw0932,haw
haw0933,haw
haw0934,haw
haw0935,haw
haw0936,haw
haw0937,haw
haw0938,haw
haw0939,haw
haw0940,haw
haw0941,haw
haw0942,haw
haw0943,haw
haw0944,haw
haw0945,haw
haw0946,haw
haw0947,haw
haw0948,haw
haw0949,haw
haw0950,haw
haw0951,haw
haw0952,haw
haw0953,haw
haw0954,haw
haw0955,haw
haw0956,haw
haw0957,haw
haw0958,haw
haw0959,haw
haw0960,haw
haw0961,haw
haw0962,haw
haw0963,haw
haw0964,haw
haw0965,haw
haw0966,haw
haw0967,haw
haw0968,haw
haw0969,haw
haw0970,haw
haw0971,haw
haw0972,haw
haw0973,haw
haw0974,haw
haw0975,haw
haw0976,haw
haw0977,haw
haw0978,haw
haw0979,haw
haw0980,haw
haw0981,haw
haw0982,haw
haw0983,haw
haw0984,haw
haw0985,haw
haw0986,haw
haw0987,haw
haw0988,haw
haw0989,haw
haw0990,haw
haw0991,haw
haw0992,haw
haw0993,haw
haw0994,haw
haw0995,haw
haw0996,haw
haw0997,haw
haw0998,haw
haw0999,haw
haw1000,haw
haw1001,haw
haw1002,haw
haw1003,haw
haw1004,haw
haw1005,haw
haw1006,haw
haw1007,haw
haw1008,haw
haw1009,haw
haw1010,haw
haw1011,haw
haw1012,haw
haw1013,haw
haw1014,haw
haw1015,haw
haw1016,haw
haw1017,haw
haw1018,haw
haw1019,haw
haw1020,haw
haw1021,haw
haw1022,haw
haw1023,haw
haw1024,haw
haw1025,haw
haw1026,haw
haw1027,haw
haw1028,haw
haw1029,haw
haw1030,haw
haw1031,haw
haw1032,haw
haw1033,haw
haw1034,haw
haw1035,haw
haw1036,haw
haw1037,haw
haw1038,haw
haw1039,haw
haw1040,haw
haw1041,haw
haw1042,haw
haw1043,haw
haw1044,haw
haw1045,haw
haw1046,haw
haw1047,haw
haw1048,haw
haw1049,haw
haw1050,haw
haw1051,haw
haw1052,haw
haw1053,haw
haw1054,haw
haw1055,haw
haw1056,haw
haw1057,haw
haw1058,haw
haw1059,haw
haw1060,haw
haw1061,haw
haw1062,haw
haw1063,haw
haw1064,haw
haw1065,haw
haw1066,haw
haw1067,haw
haw1068,haw
haw1069,haw
haw1070,haw
haw1071,haw
haw1072,haw
haw1073,haw
haw1074,haw
haw1075,haw
haw1076,haw
haw1077,haw
haw1078,haw
haw1079,haw
haw1080,haw
haw1081,haw
haw1082,haw
haw1083,haw
haw1084,haw
haw1085,haw
haw1086,haw
haw1087,haw
haw1088,haw
haw1089,haw
haw1090,haw
haw1091,haw
haw1092,haw
haw1093,haw
haw1094,haw
haw1095,haw
haw1096,haw
haw1097,haw
haw1098,haw
haw1099,haw
haw1100,haw
haw1101,haw
haw1102,haw
haw1103,haw
haw1104,haw
haw1105,haw
haw1106,haw
haw1107,haw
haw1108,haw
haw1109,haw
haw1110,haw
haw1111,haw
haw1112,haw
haw1113,haw
haw1114,haw
haw1115,haw
haw1116,haw
haw1117,haw
haw1118,haw
haw1119,haw
haw1120,haw
haw1121,haw
haw1122,haw
haw1123,haw
haw1124,haw
haw1125,haw
haw1126,haw
haw1127,haw
haw1128,haw
haw1129,haw
haw1130,haw
haw1131,haw
haw1132,haw
haw1133,haw
haw1134,haw
haw1135,haw
haw1136,haw
haw1137,haw
haw1138,haw
haw1139,haw
haw1140,haw
haw1141,haw
haw1142,haw
haw1143,haw
haw1144,haw
haw1145,haw
haw1146,haw
haw1147,haw
haw1148,haw
haw1149,haw
haw1150,haw
haw1151,haw
haw1152,haw
haw1153,haw
haw1154,haw
haw1155,haw
haw1156,haw
haw1157,haw
haw1158,haw
haw1159,haw
haw1160,haw
haw1161,haw
haw1162,haw
haw1163,haw
haw1164,haw
haw1165,haw
haw1166,haw
haw1167,haw
haw1168,haw
haw1169,haw
haw1170,haw
haw1171,haw
haw1172,haw
haw1173,haw
haw1174,haw
haw1175,haw
haw1176,haw
haw1177,haw
haw1178,haw
haw1179,haw
haw1180,haw
haw1181,haw
haw1182,haw
haw1183,haw
haw1184,haw
haw1185,haw
haw1186,haw
haw1187,haw
haw1188,haw
haw1189,haw
haw1190,haw
mar0000,mar
mar0001,mar
mar0002,mar
mar0003,mar
mar0004,mar
mar0005,mar
mar0006,mar
mar0007,mar
mar0008,mar
mar0009,mar
mar0010,mar
mar0011,mar
mar0012,mar
mar0013,mar
mar0014,mar
mar0015,mar
mar0016,mar
mar0017,mar
mar0018,mar
mar0019,mar
mar0020,mar
mar0021,mar
mar0022,mar
mar0023,mar
mar0024,mar
mar0025,mar
mar0026,mar
mar0027,mar
mar0028,mar
mar0029,mar
mar0030,mar
mar0031,mar
mar0032,mar
mar0033,mar
mar0034,mar
mar0035,mar
mar0036,mar
mar0037,mar
mar0038,mar
mar0039,mar
mar0040,mar
mar0041,mar
mar0042,mar
mar0043,mar
mar0044,mar
mar0045,mar
mar0046,mar
mar0047,mar
mar0048,mar
mar0049,mar
mar0050,mar
mar0051,mar
mar0052,mar
mar0053,mar
mar0054,mar
mar0055,mar
mar0056,mar
mar0057,mar
mar0058,mar
mar0059,mar
mar0060,mar
mar0061,mar
mar0062,mar
mar0063,mar
mar0064,mar
mar0065,mar
mar0066,mar
mar0067,mar
mar0068,mar
mar0069,mar
mar0070,mar
mar0071,mar
mar0072,mar
mar0073,mar
mar0074,mar
mar0075,mar
mar0076,mar
mar0077,mar
mar0078,mar
mar0079,mar
mar0080,mar
mar0081,mar
mar0082,mar
mar0083,mar
mar0084,mar
mar0085,mar
mar0086,mar
mar0087,mar
mar0088,mar
mar0089,mar
mar0090,mar
mar0091,mar
mar0092,mar
mar0093,mar
mar0094,mar
mar0095,mar
mar0096,mar
mar0097,mar
mar0098,mar
mar0099,mar
mar0100,mar
mar0101,mar
mar0102,mar
mar0103,mar
mar0104,mar
mar0105,mar
mar0106,mar
mar0107,mar
mar0108,mar
mar0109,mar
mar0110,mar
mar0111,mar
mar0112,mar
mar0113,mar
mar0114,mar
mar0115,mar
mar0116,mar
mar0117,mar
mar0118,mar
mar0119,mar
mar0120,mar
mar0121,mar
mar0122,mar
mar0123,mar
mar0124,mar
mar0125,mar
mar0126,mar
mar0127,mar
mar0128,mar
mar0129,mar
mar0130,mar
mar0131,mar
mar0132,mar
mar0133,mar
mar0134,mar
mar0135,mar
mar0136,mar
mar0137,mar
mar0138,mar
mar0139,mar
mar0140,mar
mar0141,mar
mar0142,mar
mar0143,mar
mar0144,mar
mar0145,mar
mar0146,mar
mar0147,mar
mar0148,mar
mar0149,mar
mar0150,mar
mar0151,mar
mar0152,mar
mar0153,mar
mar0154,mar
mar0155,mar
mar0156,mar
mar0157,mar
mar0158,mar
mar0159,mar
mar0160,mar
mar0161,mar
mar0162,mar
mar0163,mar
mar0164,mar
mar0165,mar
mar0166,mar
mar0167,mar
mar0168,mar
mar0169,mar
mar0170,mar
mar0171,mar
mar0172,mar
mar0173,mar
mar0174,mar
mar0175,mar
mar0176,mar
mar0177,mar
mar0178,mar
mar0179,mar
mar0180,mar
mar0181,mar
mar0182,mar
mar0183,mar
mar0184,mar
mar0185,mar
mar0186,mar
mar0187,mar
mar0188,mar
mar0189,mar
mar0190,mar
mar0191,mar
mar0192,mar
mar0193,mar
mar0194,mar
mar0195,mar
mar0196,mar
mar0197,mar
mar0198,mar
mar0199,mar
mar0200,mar
mar0201,mar
mar0202,mar
mar0203,mar
mar0204,mar
mar0205,mar
mar0206,mar
mar0207,mar
mar0208,mar
mar0209,mar
mar0210,mar
mar0211,mar
mar0212,mar
mar0213,mar
mar0214,mar
mar0215,mar
mar0216,mar
mar0217,mar
mar0218,mar
mar0219,mar
mar0220,mar
mar0221,mar
mar0222,mar
mar0223,mar
mar0224,mar
mar0225,mar
mar0226,mar
mar0227,mar
mar0228,mar
mar0229,mar
mar0230,mar
mar0231,mar
mar0232,mar
mar0233,mar
mar0234,mar
mar0235,mar
mar0236,mar
mar0237,mar
mar0238,mar
mar0239,mar
mar0240,mar
mar0241,mar
mar0242,mar
mar0243,mar
mar0244,mar
mar0245,mar
mar0246,mar
mar0247,mar
mar0248,mar
mar0249,mar
mar0250,mar
mar0251,mar
mar0252,mar
mar0253,mar
mar0254,mar
mar0255,mar
mar0256,mar
mar0257,mar
mar0258,mar
mar0259,mar
mar0260,mar
mar0261,mar
mar0262,mar
mar0263,mar
mar0264,mar
mar0265,mar
mar0266,mar
mar0267,mar
mar0268,mar
mar0269,mar
mar0270,mar
mar0271,mar
mar0272,mar
mar0273,mar
mar0274,mar
mar0275,mar
mar0276,mar
mar0277,mar
mar0278,mar
mar0279,mar
mar0280,mar
mar0281,mar
mar0282,mar
mar0283,mar
mar0284,mar
mar0285,mar
mar0286,mar
mar0287,mar
mar0288,mar
mar0289,mar
mar0290,mar
mar0291,mar
mar0292,mar
mar0293,mar
mar0294,mar
mar0295,mar
mar0296,mar
mar0297,mar
mar0298,mar
mar0299,mar
mar0300,mar
mar0301,mar
mar0302,mar
mar0303,mar
mar0304,mar
mar0305,mar
mar0306,mar
mar0307,mar
mar0308,mar
mar0309,mar
mar0310,mar
mar0311,mar
mar0312,mar
mar0313,mar
mar0314,mar
mar0315,mar
mar0316,mar
mar0317,mar
mar0318,mar
mar0319,mar
mar0320,mar
mar0321,mar
mar0322,mar
mar0323,mar
mar0324,mar
mar0325,mar
mar0326,mar
mar0327,mar
mar0328,mar
mar0329,mar
mar0330,mar
mar0331,mar
mar0332,mar
mar0333,mar
mar0334,mar
mar0335,mar
mar0336,mar
mar0337,mar
mar0338,mar
mar0339,mar
mar0340,mar
mar0341,mar
mar0342,mar
mar0343,mar
mar0344,mar
mar0345,mar
mar0346,mar
mar0347,mar
mar0348,mar
mar0349,mar
mar0350,mar
mar0351,mar
mar0352,mar
mar0353,mar
mar0354,mar
mar0355,mar
mar0356,mar
mar0357,mar
mar0358,mar
mar0359,mar
mar0360,mar
mar0361,mar
mar0362,mar
mar0363,mar
mar0364,mar
mar0365,mar
mar0366,mar
mar0367,mar
mar0368,mar
mar0369,mar
mar0370,mar
mar0371,mar
mar0372,mar
mar0373,mar
mar0374,mar
mar0375,mar
mar0376,mar
mar0377,mar
mar0378,mar
mar0379,mar
mar0380,mar
mar0381,mar
mar0382,mar
mar0383,mar
mar0384,mar
mar0385,mar
mar0386,mar
mar0387,mar
mar0388,mar
mar0389,mar
mar0390,mar
mar0391,mar
mar0392,mar
mar0393,mar
mar0394,mar
mar0395,mar
mar0396,mar
mar0397,mar
mar0398,mar
mar0399,mar
mar0400,mar
mar0401,mar
mar0402,mar
mar0403,mar
mar0404,mar
mar0405,mar
mar0406,mar
mar0407,mar
mar0408,mar
mar0409,mar
mar0410,mar
mar0411,mar
mar0412,mar
mar0413,mar
mar0414,mar
mar0415,mar
mar0416,mar
mar0417,mar
mar0418,mar
mar0419,mar
mar0420,mar
mar0421,mar
mar0422,mar
mar0423,mar
mar0424,mar
mar0425,mar
mar0426,mar
mar0427,mar
mar0428,mar
mar0429,mar
mar0430,mar
mar0431,mar
mar0432,mar
mar0433,mar
mar0434,mar
mar0435,mar
mar0436,mar
mar0437,mar
mar0438,mar
mar0439,mar
mar0440,mar
mar0441,mar
mar0442,mar
mar0443,mar
mar0444,mar
mar0445,mar
mar0446,mar
mar0447,mar
mar0448,mar
mar0449,mar
mar0450,mar
mar0451,mar
mar0452,mar
mar0453,mar
mar0454,mar
mar0455,mar
mar0456,mar
mar0457,mar
mar0458,mar
mar0459,mar
mar0460,mar
mar0461,mar
mar0462,mar
mar0463,mar
mar0464,mar
mar0465,mar
mar0466,mar
mar0467,mar
mar0468,mar
mar0469,mar
mar0470,mar
mar0471,mar
mar0472,mar
mar0473,mar
mar0474,mar
mar0475,mar
mar0476,mar
mar0477,mar
mar0478,mar
mar0479,mar
mar0480,mar
mar0481,mar
mar0482,mar
mar0483,mar
mar0484,mar
mar0485,mar
mar0486,mar
mar0487,mar
mar0488,mar
mar0489,mar
mar0490,mar
mar0491,mar
mar0492,mar
mar0493,mar
mar0494,mar
mar0495,mar
mar0496,mar
mar0497,mar
mar0498,mar
mar0499,mar
mar0500,mar
mar0501,mar
mar0502,mar
mar0503,mar
mar0504,mar
mar0505,mar
mar0506,mar
mar0507,mar
mar0508,mar
mar0509,mar
mar0510,mar
mar0511,mar
mar0512,mar
mar0513,mar
mar0514,mar
mar0515,mar
mar0516,mar
mar0517,mar
mar0518,mar
mar0519,mar
mar0520,mar
mar0521,mar
mar0522,mar
mar0523,mar
mar0524,mar
mar0525,mar
mar0526,mar
mar0527,mar
mar0528,mar
mar0529,mar
mar0530,mar
mar0531,mar
mar0532,mar
mar0533,mar
mar0534,mar
mar0535,mar
mar0536,mar
mar0537,mar
mar0538,mar
mar0539,mar
mar0540,mar
mar0541,mar
mar0542,mar
mar0543,mar
mar0544,mar
mar0545,mar
mar0546,mar
mar0547,mar
mar0548,mar
mar0549,mar
mar0550,mar
mar0551,mar
mar0552,mar
mar0553,mar
mar0554,mar
mar0555,mar
mar0556,mar
mar0557,mar
mar0558,mar
mar0559,mar
mar0560,mar
mar0561,mar
mar0562,mar
mar0563,mar
mar0564,mar
mar0565,mar
mar0566,mar
mar0567,mar
mar0568,mar
mar0569,mar
mar0570,mar
mar0571,mar
mar0572,mar
mar0573,mar
mar0574,mar
mar0575,mar
mar0576,mar
mar0577,mar
mar0578,mar
mar0579,mar
mar0580,mar
mar0581,mar
mar0582,mar
mar0583,mar
mar0584,mar
mar0585,mar
mar0586,mar
mar0587,mar
mar0588,mar
mar0589,mar
mar0590,mar
mar0591,mar
mar0592,mar
mar0593,mar
mar0594,mar
mar0595,mar
mar0596,mar
mar0597,mar
mar0598,mar
mar0599,mar
mar0600,mar
mar0601,mar
mar0602,mar
mar0603,mar
mar0604,mar
mar0605,mar
mar0606,mar
mar0607,mar
mar0608,mar
mar0609,mar
mar0610,mar
mar0611,mar
mar0612,mar
mar0613,mar
mar0614,mar
mar0615,mar
mar0616,mar
mar0617,mar
mar0618,mar
mar0619,mar
mar0620,mar
mar0621,mar
mar0622,mar
mar0623,mar
mar0624,mar
mar0625,mar
mar0626,mar
mar0627,mar
mar0628,mar
mar0629,mar
mar0630,mar
mar0631,mar
mar0632,mar
mar0633,mar
mar0634,mar
mar0635,mar
mar0636,mar
mar0637,mar
mar0638,mar
mar0639,mar
mar0640,mar
mar0641,mar
mar0642,mar
mar0643,mar
mar0644,mar
mar0645,mar
mar0646,mar
mar0647,mar
mar0648,mar
mar0649,mar
mar0650,mar
mar0651,mar
mar0652,mar
mar0653,mar
mar0654,mar
mar0655,mar
mar0656,mar
mar0657,mar
mar0658,mar
mar0659,mar
mar0660,mar
mar0661,mar
mar0662,mar
mar0663,mar
mar0664,mar
mar0665,mar
mar0666,mar
mar0667,mar
mar0668,mar
mar0669,mar
mar0670,mar
mar0671,mar
mar0672,mar
mar0673,mar
mar0674,mar
mar0675,mar
mar0676,mar
mar0677,mar
mar0678,mar
mar0679,mar
mar0680,mar
mar0681,mar
mar0682,mar
mar0683,mar
mar0684,mar
mar0685,mar
mar0686,mar
mar0687,mar
mar0688,mar
mar0689,mar
mar0690,mar
mar0691,mar
mar0692,mar
mar0693,mar
mar0694,mar
mar0695,mar
mar0696,mar
mar0697,mar
mar0698,mar
mar0699,mar
mar0700,mar
mar0701,mar
mar0702,mar
mar0703,mar
mar0704,mar
mar0705,mar
mar0706,mar
mar0707,mar
mar0708,mar
mar0709,mar
mar0710,mar
mar0711,mar
mar0712,mar
mar0713,mar
mar0714,mar
mar0715,mar
mar0716,mar
mar0717,mar
mar0718,mar
mar0719,mar
mar0720,mar
mar0721,mar
mar0722,mar
mar0723,mar
mar0724,mar
mar0725,mar
mar0726,mar
mar0727,mar
mar0728,mar
mar0729,mar
mar0730,mar
mar0731,mar
mar0732,mar
mar0733,mar
mar0734,mar
mar0735,mar
mar0736,mar
mar0737,mar
mar0738,mar
mar0739,mar
mar0740,mar
mar0741,mar
mar0742,mar
mar0743,mar
mar0744,mar
mar0745,mar
mar0746,mar
mar0747,mar
mar0748,mar
mar0749,mar
mar0750,mar
mar0751,mar
mar0752,mar
mar0753,mar
mar0754,mar
mar0755,mar
mar0756,mar
mar0757,mar
mar0758,mar
mar0759,mar
mar0760,mar
mar0761,mar
mar0762,mar
mar0763,mar
mar0764,mar
mar0765,mar
mar0766,mar
mar0767,mar
mar0768,mar
mar0769,mar
mar0770,mar
mar0771,mar
mar0772,mar
mar0773,mar
mar0774,mar
mar0775,mar
mar0776,mar
mar0777,mar
mar0778,mar
mar0779,mar
mar0780,mar
mar0781,mar
mar0782,mar
mar0783,mar
mar0784,mar
mar0785,mar
mar0786,mar
mar0787,mar
mar0788,mar
mar0789,mar
mar0790,mar
mar0791,mar
mar0792,mar
mar0793,mar
mar0794,mar
mar0795,mar
mar0796,mar
mar0797,mar
mar0798,mar
mar0799,mar
mar0800,mar
mar0801,mar
mar0802,mar
mar0803,mar
mar0804,mar
mar0805,mar
mar0806,mar
mar0807,mar
mar0808,mar
mar0809,mar
mar0810,mar
mar0811,mar
mar0812,mar
mar0813,mar
mar0814,mar
mar0815,mar
mar0816,mar
mar0817,mar
mar0818,mar
mar0819,mar
mar0820,mar
mar0821,mar
mar0822,mar
mar0823,mar
mar0824,mar
mar0825,mar
mar0826,mar
mar0827,mar
mar0828,mar
mar0829,mar
mar0830,mar
mar0831,mar
mar0832,mar
mar0833,mar
mar0834,mar
mar0835,mar
mar0836,mar
mar0837,mar
mar0838,mar
mar0839,mar
mar0840,mar
mar0841,mar
mar0842,mar
mar0843,mar
mar0844,mar
mar0845,mar
mar0846,mar
mar0847,mar
mar0848,mar
mar0849,mar
mar0850,mar
mar0851,mar
mar0852,mar
mar0853,mar
mar0854,mar
mar0855,mar
mar0856,mar
mar0857,mar
mar0858,mar
mar0859,mar
mar0860,mar
mar0861,mar
mar0862,mar
mar0863,mar
mar0864,mar
mar0865,mar
mar0866,mar
mar0867,mar
mar0868,mar
mar0869,mar
mar0870,mar
mar0871,mar
mar0872,mar
mar0873,mar
mar0874,mar
mar0875,mar
mar0876,mar
mar0877,mar
mar0878,mar
mar0879,mar
mar0880,mar
mar0881,mar
mar0882,mar
mar0883,mar
mar0884,mar
mar0885,mar
mar0886,mar
mar0887,mar
mar0888,mar
mar0889,mar
mar0890,mar
mar0891,mar
mar0892,mar
mar0893,mar
mar0894,mar
mar0895,mar
mar0896,mar
mar0897,mar
mar0898,mar
mar0899,mar
mar0900,mar
mar0901,mar
mar0902,mar
mar0903,mar
mar0904,mar
mar0905,mar
mar0906,mar
mar0907,mar
mar0908,mar
mar0909,mar
mar0910,mar
mar0911,mar
mar0912,mar
mar0913,mar
mar0914,mar
mar0915,mar
mar0916,mar
mar0917,mar
mar0918,mar
mar0919,mar
mar0920,mar
mar0921,mar
mar0922,mar
mar0923,mar
mar0924,mar
mar0925,mar
mar0926,mar
mar0927,mar
mar0928,mar
mar0929,mar
mar0930,mar
mar0931,mar
mar0932,mar
mar0933,mar
mar0934,mar
mar0935,mar
mar0936,mar
mar0937,mar
mar0938,mar
mar0939,mar
mar0940,mar
mar0941,mar
mar0942,mar
mar0943,mar
mar0944,mar
mar0945,mar
mar0946,mar
mar0947,mar
mar0948,mar
mar0949,mar
mar0950,mar
mar0951,mar
mar0952,mar
mar0953,mar
mar0954,mar
mar0955,mar
mar0956,mar
mar0957,mar
mar0958,mar
mar0959,mar
mar0960,mar
mar0961,mar
mar0962,mar
mar0963,mar
mar0964,mar
mar0965,mar
mar0966,mar
mar0967,mar
mar0968,mar
mar0969,mar
mar0970,mar
mar0971,mar
mar0972,mar
mar0973,mar
mar0974,mar
mar0975,mar
mar0976,mar
mar0977,mar
mar0978,mar
mar0979,mar
mar0980,mar
mar0981,mar
mar0982,mar
mar0983,mar
mar0984,mar
mar0985,mar
mar0986,mar
mar0987,mar
mar0988,mar
mar0989,mar
mar0990,mar
mar0991,mar
mar0992,mar
mar0993,mar
mar0994,mar
mar0995,mar
mar0996,mar
mar0997,mar
mar0998,mar
mar0999,mar
mar1000,mar
mar1001,mar
mar1002,mar
mar1003,mar
mar1004,mar
mar1005,mar
mar1006,mar
mar1007,mar
mar1008,mar
mar1009,mar
mar1010,mar
mar1011,mar
mar1012,mar
mar1013,mar
mar1014,mar
mar1015,mar
mar1016,mar
mar1017,mar
mar1018,mar
mar1019,mar
mar1020,mar
mar1021,mar
mar1022,mar
mar1023,mar
mar1024,mar
mar1025,mar
mar1026,mar
mar1027,mar
mar1028,mar
mar1029,mar
mar1030,mar
mar1031,mar
mar1032,mar
mar1033,mar
mar1034,mar
mar1035,mar
mar1036,mar
mar1037,mar
mar1038,mar
mar1039,mar
mar1040,mar
mar1041,mar
mar1042,mar
mar1043,mar
mar1044,mar
mar1045,mar
mar1046,mar
mar1047,mar
mar1048,mar
mar1049,mar
mar1050,mar
mar1051,mar
mar1052,mar
mar1053,mar
mar1054,mar
mar1055,mar
mar1056,mar
mar1057,mar
mar1058,mar
mar1059,mar
mar1060,mar
mar1061,mar
mar1062,mar
mar1063,mar
mar1064,mar
mar1065,mar
mar1066,mar
mar1067,mar
mar1068,mar
mar1069,mar
mar1070,mar
mar1071,mar
mar1072,mar
mar1073,mar
mar1074,mar
mar1075,mar
mar1076,mar
mar1077,mar
mar1078,mar
mar1079,mar
mar1080,mar
mar1081,mar
mar1082,mar
mar1083,mar
mar1084,mar
mar1085,mar
mar1086,mar
mar1087,mar
mar1088,mar
mar1089,mar
mar1090,mar
mar1091,mar
mar1092,mar
mar1093,mar
mar1094,mar
mar1095,mar
mar1096,mar
mar1097,mar
mar1098,mar
mar1099,mar
mar1100,mar
mar1101,mar
mar1102,mar
mar1103,mar
mar1104,mar
mar1105,mar
mar1106,mar
mar1107,mar
mar1108,mar
mar1109,mar
mar1110,mar
mar1111,mar
mar1112,mar
mar1113,mar
mar1114,mar
mar1115,mar
mar1116,mar
mar1117,mar
mar1118,mar
mar1119,mar
mar1120,mar
mar1121,mar
mar1122,mar
mar1123,mar
mar1124,mar
mar1125,mar
mar1126,mar
mar1127,mar
mar1128,mar
mar1129,mar
mar1130,mar
mar1131,mar
mar1132,mar
mar1133,mar
mar1134,mar
mar1135,mar
mar1136,mar
mar1137,mar
mar1138,mar
mar1139,mar
mar1140,mar
mar1141,mar
mar1142,mar
mar1143,mar
mar1144,mar
mar1145,mar
mar1146,mar
mar1147,mar
mar1148,mar
mar1149,mar
mar1150,mar
mar1151,mar
mar1152,mar
mar1153,mar
mar1154,mar
mar1155,mar
mar1156,mar
mar1157,mar
mar1158,mar
mar1159,mar
mar1160,mar
mar1161,mar
mar1162,mar
mar1163,mar
mar1164,mar
mar1165,mar
mar1166,mar
mar1167,mar
mar1168,mar
mar1169,mar
mar1170,mar
mar1171,mar
mar1172,mar
mar1173,mar
mar1174,mar
moz0000,moz
moz0001,moz
moz0002,moz
moz0003,moz
moz0004,moz
moz0005,moz
moz0006,moz
moz0007,moz
moz0008,moz
moz0009,moz
moz0010,moz
moz0011,moz
moz0012,moz
moz0013,moz
moz0014,moz
moz0015,moz
moz0016,moz
moz0017,moz
moz0018,moz
moz0019,moz
moz0020,moz
moz0021,moz
moz0022,moz
moz0023,moz
moz0024,moz
moz0025,moz
moz0026,moz
moz0027,moz
moz0028,moz
moz0029,moz
moz0030,moz
moz0031,moz
moz0032,moz
moz0033,moz
moz0034,moz
moz0035,moz
moz0036,moz
moz0037,moz
moz0038,moz
moz0039,moz
moz0040,moz
moz0041,moz
moz0042,moz
moz0043,moz
moz0044,moz
moz0045,moz
moz0046,moz
moz0047,moz
moz0048,moz
moz0049,moz
moz0050,moz
moz0051,moz
moz0052,moz
moz0053,moz
moz0054,moz
moz0055,moz
moz0056,moz
moz0057,moz
moz0058,moz
moz0059,moz
moz0060,moz
moz0061,moz
moz0062,moz
moz0063,moz
moz0064,moz
moz0065,moz
moz0066,moz
moz0067,moz
moz0068,moz
moz0069,moz
moz0070,moz
moz0071,moz
moz0072,moz
moz0073,moz
moz0074,moz
moz0075,moz
moz0076,moz
moz0077,moz
moz0078,moz
moz0079,moz
moz0080,moz
moz0081,moz
moz0082,moz
moz0083,moz
moz0084,moz
moz0085,moz
moz0086,moz
moz0087,moz
moz0088,moz
moz0089,moz
moz0090,moz
moz0091,moz
moz0092,moz
moz0093,moz
moz0094,moz
moz0095,moz
moz0096,moz
moz0097,moz
moz0098,moz
moz0099,moz
moz0100,moz
moz0101,moz
moz0102,moz
moz0103,moz
moz0104,moz
moz0105,moz
moz0106,moz
moz0107,moz
moz0108,moz
moz0109,moz
moz0110,moz
moz0111,moz
moz0112,moz
moz0113,moz
moz0114,moz
moz0115,moz
moz0116,moz
moz0117,moz
moz0118,moz
moz0119,moz
moz0120,moz
moz0121,moz
moz0122,moz
moz0123,moz
moz0124,moz
moz0125,moz
moz0126,moz
moz0127,moz
moz0128,moz
moz0129,moz
moz0130,moz
moz0131,moz
moz0132,moz
moz0133,moz
moz0134,moz
moz0135,moz
moz0136,moz
moz0137,moz
moz0138,moz
moz0139,moz
moz0140,moz
moz0141,moz
moz0142,moz
moz0143,moz
moz0144,moz
moz0145,moz
moz0146,moz
moz0147,moz
moz0148,moz
moz0149,moz
moz0150,moz
moz0151,moz
moz0152,moz
moz0153,moz
moz0154,moz
moz0155,moz
moz0156,moz
moz0157,moz
moz0158,moz
moz0159,moz
moz0160,moz
moz0161,moz
moz0162,moz
moz0163,moz
moz0164,moz
moz0165,moz
moz0166,moz
moz0167,moz
moz0168,moz
moz0169,moz
moz0170,moz
moz0171,moz
moz0172,moz
moz0173,moz
moz0174,moz
moz0175,moz
moz0176,moz
moz0177,moz
moz0178,moz
moz0179,moz
moz0180,moz
moz0181,moz
moz0182,moz
moz0183,moz
moz0184,moz
moz0185,moz
moz0186,moz
moz0187,moz
moz0188,moz
moz0189,moz
moz0190,moz
moz0191,moz
moz0192,moz
moz0193,moz
moz0194,moz
moz0195,moz
moz0196,moz
moz0197,moz
moz0198,moz
moz0199,moz
moz0200,moz
moz0201,moz
moz0202,moz
moz0203,moz
moz0204,moz
moz0205,moz
moz0206,moz
moz0207,moz
moz0208,moz
moz0209,moz
moz0210,moz
moz0211,moz
moz0212,moz
moz0213,moz
moz0214,moz
moz0215,moz
moz0216,moz
moz0217,moz
moz0218,moz
moz0219,moz
moz0220,moz
moz0221,moz
moz0222,moz
moz0223,moz
moz0224,moz
moz0225,moz
moz0226,moz
moz0227,moz
moz0228,moz
moz0229,moz
moz0230,moz
moz0231,moz
moz0232,moz
moz0233,moz
moz0234,moz
moz0235,moz
moz0236,moz
moz0237,moz
moz0238,moz
moz0239,moz
moz0240,moz
moz0241,moz
moz0242,moz
moz0243,moz
moz0244,moz
moz0245,moz
moz0246,moz
moz0247,moz
moz0248,moz
moz0249,moz
moz0250,moz
moz0251,moz
moz0252,moz
moz0253,moz
moz0254,moz
moz0255,moz
moz0256,moz
moz0257,moz
moz0258,moz
moz0259,moz
moz0260,moz
moz0261,moz
moz0262,moz
moz0263,moz
moz0264,moz
moz0265,moz
moz0266,moz
moz0267,moz
moz0268,moz
moz0269,moz
moz0270,moz
moz0271,moz
moz0272,moz
moz0273,moz
moz0274,moz
moz0275,moz
moz0276,moz
moz0277,moz
moz0278,moz
moz0279,moz
moz0280,moz
moz0281,moz
moz0282,moz
moz0283,moz
moz0284,moz
moz0285,moz
moz0286,moz
moz0287,moz
moz0288,moz
moz0289,moz
moz0290,moz
moz0291,moz
moz0292,moz
moz0293,moz
moz0294,moz
moz0295,moz
moz0296,moz
moz0297,moz
moz0298,moz
moz0299,moz
moz0300,moz
moz0301,moz
moz0302,moz
moz0303,moz
moz0304,moz
moz0305,moz
moz0306,moz
moz0307,moz
moz0308,moz
moz0309,moz
moz0310,moz
moz0311,moz
moz0312,moz
moz0313,moz
moz0314,moz
moz0315,moz
moz0316,moz
moz0317,moz
moz0318,moz
moz0319,moz
moz0320,moz
moz0321,moz
moz0322,moz
moz0323,moz
moz0324,moz
moz0325,moz
moz0326,moz
moz0327,moz
moz0328,moz
moz0329,moz
moz0330,moz
moz0331,moz
moz0332,moz
moz0333,moz
moz0334,moz
moz0335,moz
moz0336,moz
moz0337,moz
moz0338,moz
moz0339,moz
moz0340,moz
moz0341,moz
moz0342,moz
moz0343,moz
moz0344,moz
moz0345,moz
moz0346,moz
moz0347,moz
moz0348,moz
moz0349,moz
moz0350,moz
moz0351,moz
moz0352,moz
moz0353,moz
moz0354,moz
moz0355,moz
moz0356,moz
moz0357,moz
moz0358,moz
moz0359,moz
moz0360,moz
moz0361,moz
moz0362,moz
moz0363,moz
moz0364,moz
moz0365,moz
moz0366,moz
moz0367,moz
moz0368,moz
moz0369,moz
moz0370,moz
moz0371,moz
moz0372,moz
moz0373,moz
moz0374,moz
moz0375,moz
moz0376,moz
moz0377,moz
moz0378,moz
moz0379,moz
moz0380,moz
moz0381,moz
moz0382,moz
moz0383,moz
moz0384,moz
moz0385,moz
moz0386,moz
moz0387,moz
moz0388,moz
moz0389,moz
moz0390,moz
moz0391,moz
moz0392,moz
moz0393,moz
moz0394,moz
moz0395,moz
moz0396,moz
moz0397,moz
moz0398,moz
moz0399,moz
moz0400,moz
moz0401,moz
moz0402,moz
moz0403,moz
moz0404,moz
moz0405,moz
moz0406,moz
moz0407,moz
moz0408,moz
moz0409,moz
moz0410,moz
moz0411,moz
moz0412,moz
moz0413,moz
moz0414,moz
moz0415,moz
moz0416,moz
moz0417,moz
moz0418,moz
moz0419,moz
moz0420,moz
moz0421,moz
moz0422,moz
moz0423,moz
moz0424,moz
moz0425,moz
moz0426,moz
moz0427,moz
moz0428,moz
moz0429,moz
moz0430,moz
moz0431,moz
moz0432,moz
moz0433,moz
moz0434,moz
moz0435,moz
moz0436,moz
moz0437,moz
moz0438,moz
moz0439,moz
moz0440,moz
moz0441,moz
moz0442,moz
moz0443,moz
moz0444,moz
moz0445,moz
moz0446,moz
moz0447,moz
moz0448,moz
moz0449,moz
moz0450,moz
moz0451,moz
moz0452,moz
moz0453,moz
moz0454,moz
moz0455,moz
moz0456,moz
moz0457,moz
moz0458,moz
moz0459,moz
moz0460,moz
moz0461,moz
moz0462,moz
moz0463,moz
moz0464,moz
moz0465,moz
moz0466,moz
moz0467,moz
moz0468,moz
moz0469,moz
moz0470,moz
moz0471,moz
moz0472,moz
moz0473,moz
moz0474,moz
moz0475,moz
moz0476,moz
moz0477,moz
moz0478,moz
moz0479,moz
moz0480,moz
moz0481,moz
moz0482,moz
moz0483,moz
moz0484,moz
moz0485,moz
moz0486,moz
moz0487,moz
moz0488,moz
moz0489,moz
moz0490,moz
moz0491,moz
moz0492,moz
moz0493,moz
moz0494,moz
moz0495,moz
moz0496,moz
moz0497,moz
moz0498,moz
moz0499,moz
moz0500,moz
moz0501,moz
moz0502,moz
moz0503,moz
moz0504,moz
moz0505,moz
moz0506,moz
moz0507,moz
moz0508,moz
moz0509,moz
moz0510,moz
moz0511,moz
moz0512,moz
moz0513,moz
moz0514,moz
moz0515,moz
moz0516,moz
moz0517,moz
moz0518,moz
moz0519,moz
moz0520,moz
moz0521,moz
moz0522,moz
moz0523,moz
moz0524,moz
moz0525,moz
moz0526,moz
moz0527,moz
moz0528,moz
moz0529,moz
moz0530,moz
moz0531,moz
moz0532,moz
moz0533,moz
moz0534,moz
moz0535,moz
moz0536,moz
moz0537,moz
moz0538,moz
moz0539,moz
moz0540,moz
moz0541,moz
moz0542,moz
moz0543,moz
moz0544,moz
moz0545,moz
moz0546,moz
moz0547,moz
moz0548,moz
moz0549,moz
moz0550,moz
moz0551,moz
moz0552,moz
moz0553,moz
moz0554,moz
moz0555,moz
moz0556,moz
moz0557,moz
moz0558,moz
moz0559,moz
moz0560,moz
moz0561,moz
moz0562,moz
moz0563,moz
moz0564,moz
moz0565,moz
moz0566,moz
moz0567,moz
moz0568,moz
moz0569,moz
moz0570,moz
moz0571,moz
moz0572,moz
moz0573,moz
moz0574,moz
moz0575,moz
moz0576,moz
moz0577,moz
moz0578,moz
moz0579,moz
moz0580,moz
moz0581,moz
moz0582,moz
moz0583,moz
moz0584,moz
moz0585,moz
moz0586,moz
moz0587,moz
moz0588,moz
moz0589,moz
moz0590,moz
moz0591,moz
moz0592,moz
moz0593,moz
moz0594,moz
moz0595,moz
moz0596,moz
moz0597,moz
moz0598,moz
moz0599,moz
moz0600,moz
moz0601,moz
moz0602,moz
moz0603,moz
moz0604,moz
moz0605,moz
moz0606,moz
moz0607,moz
moz0608,moz
moz0609,moz
moz0610,moz
moz0611,moz
moz0612,moz
moz0613,moz
moz0614,moz
moz0615,moz
moz0616,moz
moz0617,moz
moz0618,moz
moz0619,moz
moz0620,moz
moz0621,moz
moz0622,moz
moz0623,moz
moz0624,moz
moz0625,moz
moz0626,moz
moz0627,moz
moz0628,moz
moz0629,moz
moz0630,moz
moz0631,moz
moz0632,moz
moz0633,moz
moz0634,moz
moz0635,moz
moz0636,moz
moz0637,moz
moz0638,moz
moz0639,moz
moz0640,moz
moz0641,moz
moz0642,moz
moz0643,moz
moz0644,moz
moz0645,moz
moz0646,moz
moz0647,moz
moz0648,moz
moz0649,moz
moz0650,moz
moz0651,moz
moz0652,moz
moz0653,moz
moz0654,moz
moz0655,moz
moz0656,moz
moz0657,moz
moz0658,moz
moz0659,moz
moz0660,moz
moz0661,moz
moz0662,moz
moz0663,moz
moz0664,moz
moz0665,moz
moz0666,moz
moz0667,moz
moz0668,moz
moz0669,moz
moz0670,moz
moz0671,moz
moz0672,moz
moz0673,moz
moz0674,moz
moz0675,moz
moz0676,moz
moz0677,moz
moz0678,moz
moz0679,moz
moz0680,moz
moz0681,moz
moz0682,moz
moz0683,moz
moz0684,moz
moz0685,moz
moz0686,moz
moz0687,moz
moz0688,moz
moz0689,moz
moz0690,moz
moz0691,moz
moz0692,moz
moz0693,moz
moz0694,moz
moz0695,moz
moz0696,moz
moz0697,moz
moz0698,moz
moz0699,moz
moz0700,moz
moz0701,moz
moz0702,moz
moz0703,moz
moz0704,moz
moz0705,moz
moz0706,moz
moz0707,moz
moz0708,moz
moz0709,moz
moz0710,moz
moz0711,moz
moz0712,moz
moz0713,moz
moz0714,moz
moz0715,moz
moz0716,moz
moz0717,moz
moz0718,moz
moz0719,moz
moz0720,moz
moz0721,moz
moz0722,moz
moz0723,moz
moz0724,moz
moz0725,moz
moz0726,moz
moz0727,moz
moz0728,moz
moz0729,moz
moz0730,moz
moz0731,moz
moz0732,moz
moz0733,moz
moz0734,moz
moz0735,moz
moz0736,moz
moz0737,moz
moz0738,moz
moz0739,moz
moz0740,moz
moz0741,moz
moz0742,moz
moz0743,moz
moz0744,moz
moz0745,moz
moz0746,moz
moz0747,moz
moz0748,moz
moz0749,moz
moz0750,moz
moz0751,moz
moz0752,moz
moz0753,moz
moz0754,moz
moz0755,moz
moz0756,moz
moz0757,moz
moz0758,moz
moz0759,moz
moz0760,moz
moz0761,moz
moz0762,moz
moz0763,moz
moz0764,moz
moz0765,moz
moz0766,moz
moz0767,moz
moz0768,moz
moz0769,moz
moz0770,moz
moz0771,moz
moz0772,moz
moz0773,moz
moz0774,moz
moz0775,moz
moz0776,moz
moz0777,moz
moz0778,moz
moz0779,moz
moz0780,moz
moz0781,moz
moz0782,moz
moz0783,moz
moz0784,moz
moz0785,moz
moz0786,moz
moz0787,moz
moz0788,moz
moz0789,moz
moz0790,moz
moz0791,moz
moz0792,moz
moz0793,moz
moz0794,moz
moz0795,moz
moz0796,moz
moz0797,moz
moz0798,moz
moz0799,moz
moz0800,moz
moz0801,moz
moz0802,moz
moz0803,moz
moz0804,moz
moz0805,moz
moz0806,moz
moz0807,moz
moz0808,moz
moz0809,moz
moz0810,moz
moz0811,moz
moz0812,moz
moz0813,moz
moz0814,moz
moz0815,moz
moz0816,moz
moz0817,moz
moz0818,moz
moz0819,moz
moz0820,moz
moz0821,moz
moz0822,moz
moz0823,moz
moz0824,moz
moz0825,moz
moz0826,moz
moz0827,moz
moz0828,moz
moz0829,moz
moz0830,moz
moz0831,moz
moz0832,moz
moz0833,moz
moz0834,moz
moz0835,moz
moz0836,moz
moz0837,moz
moz0838,moz
moz0839,moz
moz0840,moz
moz0841,moz
moz0842,moz
moz0843,moz
moz0844,moz
moz0845,moz
moz0846,moz
moz0847,moz
moz0848,moz
moz0849,moz
moz0850,moz
moz0851,moz
moz0852,moz
moz0853,moz
moz0854,moz
moz0855,moz
moz0856,moz
moz0857,moz
moz0858,moz
moz0859,moz
moz0860,moz
moz0861,moz
moz0862,moz
moz0863,moz
moz0864,moz
moz0865,moz
moz0866,moz
moz0867,moz
moz0868,moz
moz0869,moz
moz0870,moz
moz0871,moz
moz0872,moz
moz0873,moz
moz0874,moz
moz0875,moz
moz0876,moz
moz0877,moz
moz0878,moz
moz0879,moz
moz0880,moz
moz0881,moz
moz0882,moz
moz0883,moz
moz0884,moz
moz0885,moz
moz0886,moz
moz0887,moz
moz0888,moz
moz0889,moz
moz0890,moz
moz0891,moz
moz0892,moz
moz0893,moz
moz0894,moz
moz0895,moz
moz0896,moz
moz0897,moz
moz0898,moz
moz0899,moz
moz0900,moz
moz0901,moz
moz0902,moz
moz0903,moz
moz0904,moz
moz0905,moz
moz0906,moz
moz0907,moz
moz0908,moz
moz0909,moz
moz0910,moz
moz0911,moz
moz0912,moz
moz0913,moz
moz0914,moz
moz0915,moz
moz0916,moz
moz0917,moz
moz0918,moz
moz0919,moz
moz0920,moz
moz0921,moz
moz0922,moz
moz0923,moz
moz0924,moz
moz0925,moz
moz0926,moz
moz0927,moz
moz0928,moz
moz0929,moz
moz0930,moz
moz0931,moz
moz0932,moz
moz0933,moz
moz0934,moz
moz0935,moz
moz0936,moz
moz0937,moz
moz0938,moz
moz0939,moz
moz0940,moz
moz0941,moz
moz0942,moz
moz0943,moz
moz0944,moz
moz0945,moz
moz0946,moz
moz0947,moz
moz0948,moz
moz0949,moz
moz0950,moz
moz0951,moz
moz0952,moz
moz0953,moz
moz0954,moz
moz0955,moz
moz0956,moz
moz0957,moz
moz0958,moz
moz0959,moz
moz0960,moz
moz0961,moz
moz0962,moz
moz0963,moz
moz0964,moz
moz0965,moz
moz0966,moz
moz0967,moz
moz0968,moz
moz0969,moz
moz0970,moz
moz0971,moz
moz0972,moz
moz0973,moz
moz0974,moz
moz0975,moz
moz0976,moz
moz0977,moz
moz0978,moz
moz0979,moz
moz0980,moz
moz0981,moz
moz0982,moz
moz0983,moz
moz0984,moz
moz0985,moz
moz0986,moz
moz0987,moz
moz0988,moz
moz0989,moz
moz0990,moz
moz0991,moz
moz0992,moz
moz0993,moz
moz0994,moz
moz0995,moz
moz0996,moz
moz0997,moz
moz0998,moz
moz0999,moz
moz1000,moz
moz1001,moz
moz1002,moz
moz1003,moz
moz1004,moz
moz1005,moz
moz1006,moz
moz1007,moz
moz1008,moz
moz1009,moz
moz1010,moz
moz1011,moz
moz1012,moz
moz1013,moz
moz1014,moz
moz1015,moz
moz1016,moz
moz1017,moz
moz1018,moz
moz1019,moz
moz1020,moz
moz1021,moz
moz1022,moz
moz1023,moz
moz1024,moz
moz1025,moz
moz1026,moz
moz1027,moz
moz1028,moz
moz1029,moz
moz1030,moz
moz1031,moz
moz1032,moz
moz1033,moz
moz1034,moz
moz1035,moz
moz1036,moz
moz1037,moz
moz1038,moz
moz1039,moz
moz1040,moz
moz1041,moz
moz1042,moz
moz1043,moz
moz1044,moz
moz1045,moz
moz1046,moz
moz1047,moz
moz1048,moz
moz1049,moz
moz1050,moz
moz1051,moz
moz1052,moz
moz1053,moz
moz1054,moz
moz1055,moz
moz1056,moz
moz1057,moz
moz1058,moz
moz1059,moz
moz1060,moz
moz1061,moz
moz1062,moz
moz1063,moz
moz1064,moz
moz1065,moz
moz1066,moz
moz1067,moz
moz1068,moz
moz1069,moz
moz1070,moz
moz1071,moz
moz1072,moz
moz1073,moz
moz1074,moz
moz1075,moz
moz1076,moz
moz1077,moz
moz1078,moz
moz1079,moz
moz1080,moz
moz1081,moz
moz1082,moz
moz1083,moz
moz1084,moz
moz1085,moz
moz1086,moz
moz1087,moz
moz1088,moz
moz1089,moz
moz1090,moz
moz1091,moz
moz1092,moz
moz1093,moz
moz1094,moz
moz1095,moz
moz1096,moz
moz1097,moz
moz1098,moz
moz1099,moz
moz1100,moz
moz1101,moz
moz1102,moz
moz1103,moz
moz1104,moz
moz1105,moz
moz1106,moz
moz1107,moz
moz1108,moz
moz1109,moz
moz1110,moz
moz1111,moz
moz1112,moz
moz1113,moz
moz1114,moz
moz1115,moz
moz1116,moz
moz1117,moz
moz1118,moz
moz1119,moz
moz1120,moz
moz1121,moz
moz1122,moz
moz1123,moz
moz1124,moz
moz1125,moz
moz1126,moz
moz1127,moz
moz1128,moz
moz1129,moz
moz1130,moz
moz1131,moz
moz1132,moz
moz1133,moz
moz1134,moz
moz1135,moz
moz1136,moz
moz1137,moz
moz1138,moz
moz1139,moz
moz1140,moz
moz1141,moz
moz1142,moz
moz1143,moz
moz1144,moz
moz1145,moz
moz1146,moz
moz1147,moz
moz1148,moz
moz1149,moz
moz1150,moz
moz1151,moz
moz1152,moz
moz1153,moz
moz1154,moz
moz1155,moz
moz1156,moz
moz1157,moz
moz1158,moz
moz1159,moz
moz1160,moz
moz1161,moz
moz1162,moz
moz1163,moz
moz1164,moz
moz1165,moz
moz1166,moz
moz1167,moz
moz1168,moz
moz1169,moz
moz1170,moz
moz1171,moz
moz1172,moz
moz1173,moz
moz1174,moz
moz1175,moz
moz1176,moz
moz1177,moz
moz1178,moz
moz1179,moz
moz1180,moz
moz1181,moz
moz1182,moz
moz1183,moz
moz1184,moz
moz1185,moz
moz1186,moz
moz1187,moz
moz1188,moz
moz1189,moz
moz1190,moz
moz1191,moz
moz1192,moz
moz1193,moz
moz1194,moz
moz1195,moz
moz1196,moz
sal0000,sal
sal0001,sal
sal0002,sal
sal0003,sal
sal0004,sal
sal0005,sal
sal0006,sal
sal0007,sal
sal0008,sal
sal0009,sal
sal0010,sal
sal0011,sal
sal0012,sal
sal0013,sal
sal0014,sal
sal0015,sal
sal0016,sal
sal0017,sal
sal0018,sal
sal0019,sal
sal0020,sal
sal0021,sal
sal0022,sal
sal0023,sal
sal0024,sal
sal0025,sal
sal0026,sal
sal0027,sal
sal0028,sal
sal0029,sal
sal0030,sal
sal0031,sal
sal0032,sal
sal0033,sal
sal0034,sal
sal0035,sal
sal0036,sal
sal0037,sal
sal0038,sal
sal0039,sal
sal0040,sal
sal0041,sal
sal0042,sal
sal0043,sal
sal0044,sal
sal0045,sal
sal0046,sal
sal0047,sal
sal0048,sal
sal0049,sal
sal0050,sal
sal0051,sal
sal0052,sal
sal0053,sal
sal0054,sal
sal0055,sal
sal0056,sal
sal0057,sal
sal0058,sal
sal0059,sal
sal0060,sal
sal0061,sal
sal0062,sal
sal0063,sal
sal0064,sal
sal0065,sal
sal0066,sal
sal0067,sal
sal0068,sal
sal0069,sal
sal0070,sal
sal0071,sal
sal0072,sal
sal0073,sal
sal0074,sal
sal0075,sal
sal0076,sal
sal0077,sal
sal0078,sal
sal0079,sal
sal0080,sal
sal0081,sal
sal0082,sal
sal0083,sal
sal0084,sal
sal0085,sal
sal0086,sal
sal0087,sal
sal0088,sal
sal0089,sal
sal0090,sal
sal0091,sal
sal0092,sal
sal0093,sal
sal0094,sal
sal0095,sal
sal0096,sal
sal0097,sal
sal0098,sal
sal0099,sal
sal0100,sal
sal0101,sal
sal0102,sal
sal0103,sal
sal0104,sal
sal0105,sal
sal0106,sal
sal0107,sal
sal0108,sal
sal0109,sal
sal0110,sal
sal0111,sal
sal0112,sal
sal0113,sal
sal0114,sal
sal0115,sal
sal0116,sal
sal0117,sal
sal0118,sal
sal0119,sal
sal0120,sal
sal0121,sal
sal0122,sal
sal0123,sal
sal0124,sal
sal0125,sal
sal0126,sal
sal0127,sal
sal0128,sal
sal0129,sal
sal0130,sal
sal0131,sal
sal0132,sal
sal0133,sal
sal0134,sal
sal0135,sal
sal0136,sal
sal0137,sal
sal0138,sal
sal0139,sal
sal0140,sal
sal0141,sal
sal0142,sal
sal0143,sal
sal0144,sal
sal0145,sal
sal0146,sal
sal0147,sal
sal0148,sal
sal0149,sal
sal0150,sal
sal0151,sal
sal0152,sal
sal0153,sal
sal0154,sal
sal0155,sal
sal0156,sal
sal0157,sal
sal0158,sal
sal0159,sal
sal0160,sal
sal0161,sal
sal0162,sal
sal0163,sal
sal0164,sal
sal0165,sal
sal0166,sal
sal0167,sal
sal0168,sal
sal0169,sal
sal0170,sal
sal0171,sal
sal0172,sal
sal0173,sal
sal0174,sal
sal0175,sal
sal0176,sal
sal0177,sal
sal0178,sal
sal0179,sal
sal0180,sal
sal0181,sal
sal0182,sal
sal0183,sal
sal0184,sal
sal0185,sal
sal0186,sal
sal0187,sal
sal0188,sal
sal0189,sal
sal0190,sal
sal0191,sal
sal0192,sal
sal0193,sal
sal0194,sal
sal0195,sal
sal0196,sal
sal0197,sal
sal0198,sal
sal0199,sal
sal0200,sal
sal0201,sal
sal0202,sal
sal0203,sal
sal0204,sal
sal0205,sal
sal0206,sal
sal0207,sal
sal0208,sal
sal0209,sal
sal0210,sal
sal0211,sal
sal0212,sal
sal0213,sal
sal0214,sal
sal0215,sal
sal0216,sal
sal0217,sal
sal0218,sal
sal0219,sal
sal0220,sal
sal0221,sal
sal0222,sal
sal0223,sal
sal0224,sal
sal0225,sal
sal0226,sal
sal0227,sal
sal0228,sal
sal0229,sal
sal0230,sal
sal0231,sal
sal0232,sal
sal0233,sal
sal0234,sal
sal0235,sal
sal0236,sal
sal0237,sal
sal0238,sal
sal0239,sal
sal0240,sal
sal0241,sal
sal0242,sal
sal0243,sal
sal0244,sal
sal0245,sal
sal0246,sal
sal0247,sal
sal0248,sal
sal0249,sal
sal0250,sal
sal0251,sal
sal0252,sal
sal0253,sal
sal0254,sal
sal0255,sal
sal0256,sal
sal0257,sal
sal0258,sal
sal0259,sal
sal0260,sal
sal0261,sal
sal0262,sal
sal0263,sal
sal0264,sal
sal0265,sal
sal0266,sal
sal0267,sal
sal0268,sal
sal0269,sal
sal0270,sal
sal0271,sal
sal0272,sal
sal0273,sal
sal0274,sal
sal0275,sal
sal0276,sal
sal0277,sal
sal0278,sal
sal0279,sal
sal0280,sal
sal0281,sal
sal0282,sal
sal0283,sal
sal0284,sal
sal0285,sal
sal0286,sal
sal0287,sal
sal0288,sal
sal0289,sal
sal0290,sal
sal0291,sal
sal0292,sal
sal0293,sal
sal0294,sal
sal0295,sal
sal0296,sal
sal0297,sal
sal0298,sal
sal0299,sal
sal0300,sal
sal0301,sal
sal0302,sal
sal0303,sal
sal0304,sal
sal0305,sal
sal0306,sal
sal0307,sal
sal0308,sal
sal0309,sal
sal0310,sal
sal0311,sal
sal0312,sal
sal0313,sal
sal0314,sal
sal0315,sal
sal0316,sal
sal0317,sal
sal0318,sal
sal0319,sal
sal0320,sal
sal0321,sal
sal0322,sal
sal0323,sal
sal0324,sal
sal0325,sal
sal0326,sal
sal0327,sal
sal0328,sal
sal0329,sal
sal0330,sal
sal0331,sal
sal0332,sal
sal0333,sal
sal0334,sal
sal0335,sal
sal0336,sal
sal0337,sal
sal0338,sal
sal0339,sal
sal0340,sal
sal0341,sal
sal0342,sal
sal0343,sal
sal0344,sal
sal0345,sal
sal0346,sal
sal0347,sal
sal0348,sal
sal0349,sal
sal0350,sal
sal0351,sal
sal0352,sal
sal0353,sal
sal0354,sal
sal0355,sal
sal0356,sal
sal0357,sal
sal0358,sal
sal0359,sal
sal0360,sal
sal0361,sal
sal0362,sal
sal0363,sal
sal0364,sal
sal0365,sal
sal0366,sal
sal0367,sal
sal0368,sal
sal0369,sal
sal0370,sal
sal0371,sal
sal0372,sal
sal0373,sal
sal0374,sal
sal0375,sal
sal0376,sal
sal0377,sal
sal0378,sal
sal0379,sal
sal0380,sal
sal0381,sal
sal0382,sal
sal0383,sal
sal0384,sal
sal0385,sal
sal0386,sal
sal0387,sal
sal0388,sal
sal0389,sal
sal0390,sal
sal0391,sal
sal0392,sal
sal0393,sal
sal0394,sal
sal0395,sal
sal0396,sal
sal0397,sal
sal0398,sal
sal0399,sal
sal0400,sal
sal0401,sal
sal0402,sal
sal0403,sal
sal0404,sal
sal0405,sal
sal0406,sal
sal0407,sal
sal0408,sal
sal0409,sal
sal0410,sal
sal0411,sal
sal0412,sal
sal0413,sal
sal0414,sal
sal0415,sal
sal0416,sal
sal0417,sal
sal0418,sal
sal0419,sal
sal0420,sal
sal0421,sal
sal0422,sal
sal0423,sal
sal0424,sal
sal0425,sal
sal0426,sal
sal0427,sal
sal0428,sal
sal0429,sal
sal0430,sal
sal0431,sal
sal0432,sal
sal0433,sal
sal0434,sal
sal0435,sal
sal0436,sal
sal0437,sal
sal0438,sal
sal0439,sal
sal0440,sal
sal0441,sal
sal0442,sal
sal0443,sal
sal0444,sal
sal0445,sal
sal0446,sal
sal0447,sal
sal0448,sal
sal0449,sal
sal0450,sal
sal0451,sal
sal0452,sal
sal0453,sal
sal0454,sal
sal0455,sal
sal0456,sal
sal0457,sal
sal0458,sal
sal0459,sal
sal0460,sal
sal0461,sal
sal0462,sal
sal0463,sal
sal0464,sal
sal0465,sal
sal0466,sal
sal0467,sal
sal0468,sal
sal0469,sal
sal0470,sal
sal0471,sal
sal0472,sal
sal0473,sal
sal0474,sal
sal0475,sal
sal0476,sal
sal0477,sal
sal0478,sal
sal0479,sal
sal0480,sal
sal0481,sal
sal0482,sal
sal0483,sal
sal0484,sal
sal0485,sal
sal0486,sal
sal0487,sal
sal0488,sal
sal0489,sal
sal0490,sal
sal0491,sal
sal0492,sal
sal0493,sal
sal0494,sal
sal0495,sal
sal0496,sal
sal0497,sal
sal0498,sal
sal0499,sal
sal0500,sal
sal0501,sal
sal0502,sal
sal0503,sal
sal0504,sal
sal0505,sal
sal0506,sal
sal0507,sal
sal0508,sal
sal0509,sal
sal0510,sal
sal0511,sal
sal0512,sal
sal0513,sal
sal0514,sal
sal0515,sal
sal0516,sal
sal0517,sal
sal0518,sal
sal0519,sal
sal0520,sal
sal0521,sal
sal0522,sal
sal0523,sal
sal0524,sal
sal0525,sal
sal0526,sal
sal0527,sal
sal0528,sal
sal0529,sal
sal0530,sal
sal0531,sal
sal0532,sal
sal0533,sal
sal0534,sal
sal0535,sal
sal0536,sal
sal0537,sal
sal0538,sal
sal0539,sal
sal0540,sal
sal0541,sal
sal0542,sal
sal0543,sal
sal0544,sal
sal0545,sal
sal0546,sal
sal0547,sal
sal0548,sal
sal0549,sal
sal0550,sal
sal0551,sal
sal0552,sal
sal0553,sal
sal0554,sal
sal0555,sal
sal0556,sal
sal0557,sal
sal0558,sal
sal0559,sal
sal0560,sal
sal0561,sal
sal0562,sal
sal0563,sal
sal0564,sal
sal0565,sal
sal0566,sal
sal0567,sal
sal0568,sal
sal0569,sal
sal0570,sal
sal0571,sal
sal0572,sal
sal0573,sal
sal0574,sal
sal0575,sal
sal0576,sal
sal0577,sal
sal0578,sal
sal0579,sal
sal0580,sal
sal0581,sal
sal0582,sal
sal0583,sal
sal0584,sal
sal0585,sal
sal0586,sal
sal0587,sal
sal0588,sal
sal0589,sal
sal0590,sal
sal0591,sal
sal0592,sal
sal0593,sal
sal0594,sal
sal0595,sal
sal0596,sal
sal0597,sal
sal0598,sal
sal0599,sal
sal0600,sal
sal0601,sal
sal0602,sal
sal0603,sal
sal0604,sal
sal0605,sal
sal0606,sal
sal0607,sal
sal0608,sal
sal0609,sal
sal0610,sal
sal0611,sal
sal0612,sal
sal0613,sal
sal0614,sal
sal0615,sal
sal0616,sal
sal0617,sal
sal0618,sal
sal0619,sal
sal0620,sal
sal0621,sal
sal0622,sal
sal0623,sal
sal0624,sal
sal0625,sal
sal0626,sal
sal0627,sal
sal0628,sal
sal0629,sal
sal0630,sal
sal0631,sal
sal0632,sal
sal0633,sal
sal0634,sal
sal0635,sal
sal0636,sal
sal0637,sal
sal0638,sal
sal0639,sal
sal0640,sal
sal0641,sal
sal0642,sal
sal0643,sal
sal0644,sal
sal0645,sal
sal0646,sal
sal0647,sal
sal0648,sal
sal0649,sal
sal0650,sal
sal0651,sal
sal0652,sal
sal0653,sal
sal0654,sal
sal0655,sal
sal0656,sal
sal0657,sal
sal0658,sal
sal0659,sal
sal0660,sal
sal0661,sal
sal0662,sal
sal0663,sal
sal0664,sal
sal0665,sal
sal0666,sal
sal0667,sal
sal0668,sal
sal0669,sal
sal0670,sal
sal0671,sal
sal0672,sal
sal0673,sal
sal0674,sal
sal0675,sal
sal0676,sal
sal0677,sal
sal0678,sal
sal0679,sal
sal0680,sal
sal0681,sal
sal0682,sal
sal0683,sal
sal0684,sal
sal0685,sal
sal0686,sal
sal0687,sal
sal0688,sal
sal0689,sal
sal0690,sal
sal0691,sal
sal0692,sal
sal0693,sal
sal0694,sal
sal0695,sal
sal0696,sal
sal0697,sal
sal0698,sal
sal0699,sal
sal0700,sal
sal0701,sal
sal0702,sal
sal0703,sal
sal0704,sal
sal0705,sal
sal0706,sal
sal0707,sal
sal0708,sal
sal0709,sal
sal0710,sal
sal0711,sal
sal0712,sal
sal0713,sal
sal0714,sal
sal0715,sal
sal0716,sal
sal0717,sal
sal0718,sal
sal0719,sal
sal0720,sal
sal0721,sal
sal0722,sal
sal0723,sal
sal0724,sal
sal0725,sal
sal0726,sal
sal0727,sal
sal0728,sal
sal0729,sal
sal0730,sal
sal0731,sal
sal0732,sal
sal0733,sal
sal0734,sal
sal0735,sal
sal0736,sal
sal0737,sal
sal0738,sal
sal0739,sal
sal0740,sal
sal0741,sal
sal0742,sal
sal0743,sal
sal0744,sal
sal0745,sal
sal0746,sal
sal0747,sal
sal0748,sal
sal0749,sal
sal0750,sal
sal0751,sal
sal0752,sal
sal0753,sal
sal0754,sal
sal0755,sal
sal0756,sal
sal0757,sal
sal0758,sal
sal0759,sal
sal0760,sal
sal0761,sal
sal0762,sal
sal0763,sal
sal0764,sal
sal0765,sal
sal0766,sal
sal0767,sal
sal0768,sal
sal0769,sal
sal0770,sal
sal0771,sal
sal0772,sal
sal0773,sal
sal0774,sal
sal0775,sal
sal0776,sal
sal0777,sal
sal0778,sal
sal0779,sal
sal0780,sal
sal0781,sal
sal0782,sal
sal0783,sal
sal0784,sal
sal0785,sal
sal0786,sal
sal0787,sal
sal0788,sal
sal0789,sal
sal0790,sal
sal0791,sal
sal0792,sal
sal0793,sal
sal0794,sal
sal0795,sal
sal0796,sal
sal0797,sal
sal0798,sal
sal0799,sal
sal0800,sal
sal0801,sal
sal0802,sal
sal0803,sal
sal0804,sal
sal0805,sal
sal0806,sal
sal0807,sal
sal0808,sal
sal0809,sal
sal0810,sal
sal0811,sal
sal0812,sal
sal0813,sal
sal0814,sal
sal0815,sal
sal0816,sal
sal0817,sal
sal0818,sal
sal0819,sal
sal0820,sal
sal0821,sal
sal0822,sal
sal0823,sal
sal0824,sal
sal0825,sal
sal0826,sal
sal0827,sal
sal0828,sal
sal0829,sal
sal0830,sal
sal0831,sal
sal0832,sal
sal0833,sal
sal0834,sal
sal0835,sal
sal0836,sal
sal0837,sal
sal0838,sal
sal0839,sal
sal0840,sal
sal0841,sal
sal0842,sal
sal0843,sal
sal0844,sal
sal0845,sal
sal0846,sal
sal0847,sal
sal0848,sal
sal0849,sal
sal0850,sal
sal0851,sal
sal0852,sal
sal0853,sal
sal0854,sal
sal0855,sal
sal0856,sal
sal0857,sal
sal0858,sal
sal0859,sal
sal0860,sal
sal0861,sal
sal0862,sal
sal0863,sal
sal0864,sal
sal0865,sal
sal0866,sal
sal0867,sal
sal0868,sal
sal0869,sal
sal0870,sal
sal0871,sal
sal0872,sal
sal0873,sal
sal0874,sal
sal0875,sal
sal0876,sal
sal0877,sal
sal0878,sal
sal0879,sal
sal0880,sal
sal0881,sal
sal0882,sal
sal0883,sal
sal0884,sal
sal0885,sal
sal0886,sal
sal0887,sal
sal0888,sal
sal0889,sal
sal0890,sal
sal0891,sal
sal0892,sal
sal0893,sal
sal0894,sal
sal0895,sal
sal0896,sal
sal0897,sal
sal0898,sal
sal0899,sal
sal0900,sal
sal0901,sal
sal0902,sal
sal0903,sal
sal0904,sal
sal0905,sal
sal0906,sal
sal0907,sal
sal0908,sal
sal0909,sal
sal0910,sal
sal0911,sal
sal0912,sal
sal0913,sal
sal0914,sal
sal0915,sal
sal0916,sal
sal0917,sal
sal0918,sal
sal0919,sal
sal0920,sal
sal0921,sal
sal0922,sal
sal0923,sal
sal0924,sal
sal0925,sal
sal0926,sal
sal0927,sal
sal0928,sal
sal0929,sal
sal0930,sal
sal0931,sal
sal0932,sal
sal0933,sal
sal0934,sal
sal0935,sal
sal0936,sal
sal0937,sal
sal0938,sal
sal0939,sal
sal0940,sal
sal0941,sal
sal0942,sal
sal0943,sal
sal0944,sal
sal0945,sal
sal0946,sal
sal0947,sal
sal0948,sal
sal0949,sal
sal0950,sal
sal0951,sal
sal0952,sal
sal0953,sal
sal0954,sal
sal0955,sal
sal0956,sal
sal0957,sal
sal0958,sal
sal0959,sal
sal0960,sal
sal0961,sal
sal0962,sal
sal0963,sal
sal0964,sal
sal0965,sal
sal0966,sal
sal0967,sal
sal0968,sal
sal0969,sal
sal0970,sal
sal0971,sal
sal0972,sal
sal0973,sal
sal0974,sal
sal0975,sal
sal0976,sal
sal0977,sal
sal0978,sal
sal0979,sal
sal0980,sal
sal0981,sal
sal0982,sal
sal0983,sal
sal0984,sal
sal0985,sal
sal0986,sal
sal0987,sal
sal0988,sal
sal0989,sal
sal0990,sal
sal0991,sal
sal0992,sal
sal0993,sal
sal0994,sal
sal0995,sal
sal0996,sal
sal0997,sal
sal0998,sal
sal0999,sal
sal1000,sal
sal1001,sal
sal1002,sal
sal1003,sal
sal1004,sal
sal1005,sal
sal1006,sal
sal1007,sal
sal1008,sal
sal1009,sal
sal1010,sal
sal1011,sal
sal1012,sal
sal1013,sal
sal1014,sal
sal1015,sal
sal1016,sal
sal1017,sal
sal1018,sal
sal1019,sal
sal1020,sal
sal1021,sal
sal1022,sal
sal1023,sal
sal1024,sal
sal1025,sal
sal1026,sal
sal1027,sal
sal1028,sal
sal1029,sal
sal1030,sal
sal1031,sal
sal1032,sal
sal1033,sal
sal1034,sal
sal1035,sal
sal1036,sal
sal1037,sal
sal1038,sal
sal1039,sal
sal1040,sal
sal1041,sal
sal1042,sal
sal1043,sal
sal1044,sal
sal1045,sal
sal1046,sal
sal1047,sal
sal1048,sal
sal1049,sal
sal1050,sal
sal1051,sal
sal1052,sal
sal1053,sal
sal1054,sal
sal1055,sal
sal1056,sal
sal1057,sal
sal1058,sal
sal1059,sal
sal1060,sal
sal1061,sal
sal1062,sal
sal1063,sal
sal1064,sal
sal1065,sal
sal1066,sal
sal1067,sal
sal1068,sal
sal1069,sal
sal1070,sal
sal1071,sal
sal1072,sal
sal1073,sal
sal1074,sal
sal1075,sal
sal1076,sal
sal1077,sal
sal1078,sal
sal1079,sal
sal1080,sal
sal1081,sal
sal1082,sal
sal1083,sal
sal1084,sal
sal1085,sal
sal1086,sal
sal1087,sal
sal1088,sal
sal1089,sal
sal1090,sal
sal1091,sal
sal1092,sal
sal1093,sal
sal1094,sal
sal1095,sal
sal1096,sal
sal1097,sal
sal1098,sal
sal1099,sal
sal1100,sal
sal1101,sal
sal1102,sal
sal1103,sal
sal1104,sal
sal1105,sal
sal1106,sal
sal1107,sal
sal1108,sal
sal1109,sal
sal1110,sal
sal1111,sal
sal1112,sal
sal1113,sal
sal1114,sal
sal1115,sal
sal1116,sal
sal1117,sal
sal1118,sal
sal1119,sal
sal1120,sal
sal1121,sal
sal1122,sal
sal1123,sal
sal1124,sal
sal1125,sal
sal1126,sal
sal1127,sal
sal1128,sal
sal1129,sal
sal1130,sal
sal1131,sal
sal1132,sal
sal1133,sal
sal1134,sal
sal1135,sal
sal1136,sal
sal1137,sal
sal1138,sal
sal1139,sal
sal1140,sal
sal1141,sal
sal1142,sal
sal1143,sal
sal1144,sal
sal1145,sal
sal1146,sal
sal1147,sal
sal1148,sal
sal1149,sal
sal1150,sal
sal1151,sal
sal1152,sal
sal1153,sal
sal1154,sal
sal1155,sal
sal1156,sal
sal1157,sal
sal1158,sal
sal1159,sal
sal1160,sal
sal1161,sal
sal1162,sal
sal1163,sal
sal1164,sal
sal1165,sal
sal1166,sal
sal1167,sal
sal1168,sal
sal1169,sal
sal1170,sal
sal1171,sal
sal1172,sal
sal1173,sal
sal1174,sal
sal1175,sal
sal1176,sal
sal1177,sal
sal1178,sal
sal1179,sal
sal1180,sal
sal1181,sal
sal1182,sal
sal1183,sal
sal1184,sal
sal1185,sal
sal1186,sal
sal1187,sal
sal1188,sal
sal1189,sal
sal1190,sal
sal1191,sal
sal1192,sal
sal1193,sal
sal1194,sal
sal1195,sal
sal1196,sal
